1.68631958241292,TRG_004_TRG_007
1.74689517476288,TRG_004_TRG_010
-1.49204593219987,TRG_004_TRG_011
1.19469892756953,TRG_004_TRG_017
0.144623547737631,TRG_004_TRG_020
-0.339521679104532,TRG_004_TRG_022
-0.999613397022012,TRG_004_TRG_023
1.35759423874674,TRG_004_TRG_025
1.08489863111357,TRG_004_TRG_033
1.13651988491555,TRG_004_TRG_039
1.33850568678505,TRG_004_TRG_040
1.45023253317749,TRG_004_TRG_042
-0.241027412024103,TRG_004_TRG_043
-0.0372995853271922,TRG_004_TRG_053
1.24518698207163,TRG_004_TRG_054
0.279441365039515,TRG_004_TRG_058
-1.22566041419344,TRG_004_TRG_060
0.23123828349111,TRG_004_TRG_067
0.159482942208961,TRG_004_TRG_068
0.557022936214769,TRG_004_TRG_069
1.46644082676252,TRG_004_TRG_070
1.0218283861044,TRG_004_TRG_074
-0.406249695786318,TRG_004_TRG_078
0.278887246179486,TRG_004_TRG_085
0.0978500984636171,TRG_004_TRG_086
-0.699706661946027,TRG_004_TRG_087
1.66904038539551,TRG_004_TRG_089
1.74425439298122,TRG_004_TRG_092
0.388823291918014,TRG_004_TRG_093
1.54131599827142,TRG_004_TRG_094
2.26957510877939,TRG_004_TRG_097
-0.796733755117378,TRG_004_TRG_098
0.25563365967503,TRG_004_TRG_099
0.809109673272891,TRG_004_TRG_103
1.6265568120095,TRG_007_TRG_010
-1.29778971404225,TRG_007_TRG_011
1.89044189099359,TRG_007_TRG_017
-0.70599024972764,TRG_007_TRG_020
-1.62871378297333,TRG_007_TRG_022
-0.367665689571717,TRG_007_TRG_023
0.939480904119415,TRG_007_TRG_025
1.08528386848482,TRG_007_TRG_033
0.885574875116285,TRG_007_TRG_039
-0.10275188651508,TRG_007_TRG_040
-0.00323046247794097,TRG_007_TRG_042
2.06249813062541,TRG_007_TRG_043
-0.928728527975164,TRG_007_TRG_053
2.01880012234665,TRG_007_TRG_054
-0.949764502766506,TRG_007_TRG_058
-0.497670213793613,TRG_007_TRG_060
1.9037883493952,TRG_007_TRG_067
-0.660787384140087,TRG_007_TRG_068
1.08396406915333,TRG_007_TRG_069
0.0417673827139133,TRG_007_TRG_070
-0.0875237481946823,TRG_007_TRG_074
1.5006710877649,TRG_007_TRG_078
0.132184023997183,TRG_007_TRG_085
-0.395348321184153,TRG_007_TRG_086
0.344391713168164,TRG_007_TRG_087
1.186318106715,TRG_007_TRG_089
1.61145677063957,TRG_007_TRG_092
-0.122152425486851,TRG_007_TRG_093
1.52822811928164,TRG_007_TRG_094
1.68959425747217,TRG_007_TRG_097
-0.022202619381004,TRG_007_TRG_098
0.480516549549291,TRG_007_TRG_099
1.09823102684038,TRG_007_TRG_103
-1.09788020137687,TRG_010_TRG_011
0.371450942680494,TRG_010_TRG_017
-1.10702366848588,TRG_010_TRG_020
-1.44544979353706,TRG_010_TRG_022
-1.13812704067437,TRG_010_TRG_023
-0.149759197091441,TRG_010_TRG_025
-0.0379690510353895,TRG_010_TRG_033
0.542719696819841,TRG_010_TRG_039
1.2206551539224,TRG_010_TRG_040
0.414133943531765,TRG_010_TRG_042
0.290736582580796,TRG_010_TRG_043
-0.893165693935787,TRG_010_TRG_053
1.75173922986212,TRG_010_TRG_054
-1.48507818730891,TRG_010_TRG_058
-0.929608377101355,TRG_010_TRG_060
0.794943716849732,TRG_010_TRG_067
-0.26451732034608,TRG_010_TRG_068
1.98761171057324,TRG_010_TRG_069
1.10253168998332,TRG_010_TRG_070
-0.496291631448221,TRG_010_TRG_074
0.449869406536022,TRG_010_TRG_078
0.118859804444465,TRG_010_TRG_085
-0.468560949038623,TRG_010_TRG_086
0.33256607992584,TRG_010_TRG_087
0.522228106087251,TRG_010_TRG_089
0.924131096701132,TRG_010_TRG_092
-0.719414245088849,TRG_010_TRG_093
0.298382365488474,TRG_010_TRG_094
0.998828634699302,TRG_010_TRG_097
-0.839567143251843,TRG_010_TRG_098
-0.448580579413335,TRG_010_TRG_099
1.09997925808565,TRG_010_TRG_103
-1.20782866131571,TRG_011_TRG_017
-0.192313313508278,TRG_011_TRG_020
0.0260336931102966,TRG_011_TRG_022
-0.475977059170896,TRG_011_TRG_023
0.0588515733179759,TRG_011_TRG_025
-1.57259594063678,TRG_011_TRG_033
-1.63464777213375,TRG_011_TRG_039
-0.793000838411256,TRG_011_TRG_040
-0.365858369544238,TRG_011_TRG_042
-0.446702982352627,TRG_011_TRG_043
-0.42972487052661,TRG_011_TRG_053
-0.704340937527125,TRG_011_TRG_054
-0.357812138518826,TRG_011_TRG_058
-0.534335370858037,TRG_011_TRG_060
0.177247112876163,TRG_011_TRG_067
0.352798383215393,TRG_011_TRG_068
-0.5293768481846,TRG_011_TRG_069
0.22992415893793,TRG_011_TRG_070
-0.976770309993166,TRG_011_TRG_074
0.302755755001149,TRG_011_TRG_078
0.0403319572893894,TRG_011_TRG_085
0.862978975794919,TRG_011_TRG_086
-1.08283430393767,TRG_011_TRG_087
-0.83685775072908,TRG_011_TRG_089
-0.197846426786116,TRG_011_TRG_092
-0.0528122225920045,TRG_011_TRG_093
-1.52887302974653,TRG_011_TRG_094
-1.01958103223621,TRG_011_TRG_097
-0.771673990594731,TRG_011_TRG_098
-0.184671701025619,TRG_011_TRG_099
-1.4287120305175,TRG_011_TRG_103
-0.370371663889997,TRG_017_TRG_020
-1.86555075392291,TRG_017_TRG_022
-0.514745689485778,TRG_017_TRG_023
-0.409233909390567,TRG_017_TRG_025
1.62149143588373,TRG_017_TRG_033
-0.305880968811555,TRG_017_TRG_039
-0.245038860739373,TRG_017_TRG_040
-0.471957606600128,TRG_017_TRG_042
1.58098994098135,TRG_017_TRG_043
-0.388150359801177,TRG_017_TRG_053
1.34342606854637,TRG_017_TRG_054
-2.09247494919464,TRG_017_TRG_058
0.371145056838961,TRG_017_TRG_060
1.66579183343305,TRG_017_TRG_067
-0.168573955520047,TRG_017_TRG_068
-0.140474071592237,TRG_017_TRG_069
-0.528242779833378,TRG_017_TRG_070
-1.39482002805454,TRG_017_TRG_074
0.82234631292027,TRG_017_TRG_078
-0.314683367148913,TRG_017_TRG_085
0.0668411066276823,TRG_017_TRG_086
-0.17870102750052,TRG_017_TRG_087
1.30252306376945,TRG_017_TRG_089
2.12171507318755,TRG_017_TRG_092
-0.569683036036211,TRG_017_TRG_093
0.499260644418992,TRG_017_TRG_094
1.4108163951238,TRG_017_TRG_097
-0.728571697627716,TRG_017_TRG_098
0.228387122165365,TRG_017_TRG_099
0.139647208871502,TRG_017_TRG_103
1.83905129971481,TRG_020_TRG_022
-1.3441047760492,TRG_020_TRG_023
1.78629494653128,TRG_020_TRG_025
-0.242625996309294,TRG_020_TRG_033
0.755162688706137,TRG_020_TRG_039
-1.87003571392024,TRG_020_TRG_040
1.71570548020088,TRG_020_TRG_042
-1.26612034998788,TRG_020_TRG_043
1.41407853056961,TRG_020_TRG_053
-0.105690725109036,TRG_020_TRG_054
2.11003015895307,TRG_020_TRG_058
0.82720388075958,TRG_020_TRG_060
0.979039270239832,TRG_020_TRG_067
0.665665898863526,TRG_020_TRG_068
-1.61266402024318,TRG_020_TRG_069
0.0728337614976957,TRG_020_TRG_070
2.1792048304049,TRG_020_TRG_074
-1.22491343878677,TRG_020_TRG_078
-0.805849616749644,TRG_020_TRG_085
-0.237090281344506,TRG_020_TRG_086
-1.65501027144922,TRG_020_TRG_087
-0.0595925947567022,TRG_020_TRG_089
-0.577075779977384,TRG_020_TRG_092
2.24648998714747,TRG_020_TRG_093
0.266860431716851,TRG_020_TRG_094
0.432757389671158,TRG_020_TRG_097
1.17838341232511,TRG_020_TRG_098
0.110942491327746,TRG_020_TRG_099
0.449658189418047,TRG_020_TRG_103
-2.44499874193486,TRG_022_TRG_023
1.28869451814498,TRG_022_TRG_025
-0.6751888423914,TRG_022_TRG_033
-0.409082224800024,TRG_022_TRG_039
-1.15311262390411,TRG_022_TRG_040
1.72963582995237,TRG_022_TRG_042
-1.89626779439279,TRG_022_TRG_043
1.56328228010324,TRG_022_TRG_053
-1.03851333379271,TRG_022_TRG_054
1.82430759601208,TRG_022_TRG_058
0.229753881766658,TRG_022_TRG_060
-0.096113454111832,TRG_022_TRG_067
1.37933503057755,TRG_022_TRG_068
-1.19535180166991,TRG_022_TRG_069
-0.373179698333226,TRG_022_TRG_070
1.98587085927434,TRG_022_TRG_074
-1.93047404593434,TRG_022_TRG_078
-1.79930809191364,TRG_022_TRG_085
1.40980836098868,TRG_022_TRG_086
-1.69079997994058,TRG_022_TRG_087
-0.0797283697410458,TRG_022_TRG_089
0.0669733729088935,TRG_022_TRG_092
0.742103698564403,TRG_022_TRG_093
0.242699377134956,TRG_022_TRG_094
0.20570920033595,TRG_022_TRG_097
-0.428163714088607,TRG_022_TRG_098
-0.142417117928089,TRG_022_TRG_099
0.193629373407653,TRG_022_TRG_103
-0.381804199099484,TRG_023_TRG_025
0.116291832664643,TRG_023_TRG_033
-1.82642451736981,TRG_023_TRG_039
-0.118411910310584,TRG_023_TRG_040
-2.17838131491873,TRG_023_TRG_042
0.119940744812192,TRG_023_TRG_043
-1.23287746217879,TRG_023_TRG_053
-2.05193514295601,TRG_023_TRG_054
-1.0203162875462,TRG_023_TRG_058
-0.479264034912412,TRG_023_TRG_060
-0.664864422814877,TRG_023_TRG_067
0.0550144597035818,TRG_023_TRG_068
-0.285510584454618,TRG_023_TRG_069
-0.320160590810133,TRG_023_TRG_070
-1.62012479809842,TRG_023_TRG_074
-1.36993336836936,TRG_023_TRG_078
0.866029935106566,TRG_023_TRG_085
-0.747791426007276,TRG_023_TRG_086
0.827749279777404,TRG_023_TRG_087
0.0920680518060202,TRG_023_TRG_089
0.502457169963645,TRG_023_TRG_092
-0.665806040581879,TRG_023_TRG_093
-2.06513200429336,TRG_023_TRG_094
-1.51519259715107,TRG_023_TRG_097
-1.52716654839287,TRG_023_TRG_098
1.43655125301425,TRG_023_TRG_099
-1.76751370926272,TRG_023_TRG_103
-0.314077339132323,TRG_025_TRG_033
0.866059923260444,TRG_025_TRG_039
-0.600106113017374,TRG_025_TRG_040
1.25812873665686,TRG_025_TRG_042
-0.386303454241861,TRG_025_TRG_043
0.710310977796313,TRG_025_TRG_053
0.326822814280545,TRG_025_TRG_054
2.14454028183473,TRG_025_TRG_058
1.09792787043909,TRG_025_TRG_060
-0.807751695660228,TRG_025_TRG_067
0.692360917689541,TRG_025_TRG_068
-0.176648369744803,TRG_025_TRG_069
0.162556286189479,TRG_025_TRG_070
2.01622689194824,TRG_025_TRG_074
-1.02432394965927,TRG_025_TRG_078
0.422854815240925,TRG_025_TRG_085
0.284799610932409,TRG_025_TRG_086
-0.172218117137255,TRG_025_TRG_087
-0.220726777797892,TRG_025_TRG_089
-0.0580233932464368,TRG_025_TRG_092
1.73174923486063,TRG_025_TRG_093
2.06813849662851,TRG_025_TRG_094
1.64565306185799,TRG_025_TRG_097
0.382457009617764,TRG_025_TRG_098
1.02087041233147,TRG_025_TRG_099
-0.867800819376265,TRG_025_TRG_103
0.308075627969389,TRG_033_TRG_039
-0.0938671149119404,TRG_033_TRG_040
0.557997061627827,TRG_033_TRG_042
-0.0346514224859042,TRG_033_TRG_043
1.07695270476496,TRG_033_TRG_053
0.212577095064379,TRG_033_TRG_054
-0.530558556383368,TRG_033_TRG_058
-0.777565246309694,TRG_033_TRG_060
0.151053621637981,TRG_033_TRG_067
0.893580874494704,TRG_033_TRG_068
-0.785360655328751,TRG_033_TRG_069
-0.0925789812227443,TRG_033_TRG_070
-0.133535318231718,TRG_033_TRG_074
-1.62752732315793,TRG_033_TRG_078
0.152795027514417,TRG_033_TRG_085
0.522054765737998,TRG_033_TRG_086
-0.607944322794902,TRG_033_TRG_087
2.22296625751415,TRG_033_TRG_089
2.08071410736956,TRG_033_TRG_092
-1.00980329296739,TRG_033_TRG_093
-0.50706383349983,TRG_033_TRG_094
1.13531520379988,TRG_033_TRG_097
-0.871855255918235,TRG_033_TRG_098
0.656803140063938,TRG_033_TRG_099
-1.05702480220013,TRG_033_TRG_103
-0.165095140074261,TRG_039_TRG_040
0.911045041480475,TRG_039_TRG_042
-0.918408127564494,TRG_039_TRG_043
0.301446333557964,TRG_039_TRG_053
-0.399648235567852,TRG_039_TRG_054
-0.138636347948699,TRG_039_TRG_058
-1.33192759060123,TRG_039_TRG_060
-0.452349904527832,TRG_039_TRG_067
0.527087528979235,TRG_039_TRG_068
-0.975486530658681,TRG_039_TRG_069
-0.288592926918956,TRG_039_TRG_070
1.08729608503473,TRG_039_TRG_074
-1.46118056289338,TRG_039_TRG_078
0.222815941186273,TRG_039_TRG_085
-0.648505314568914,TRG_039_TRG_086
-0.0599342810323265,TRG_039_TRG_087
0.202680509161877,TRG_039_TRG_089
0.491783991200986,TRG_039_TRG_092
0.111963652469485,TRG_039_TRG_093
0.905001468860651,TRG_039_TRG_094
1.45489805088254,TRG_039_TRG_097
0.797387654785015,TRG_039_TRG_098
-1.19711979171489,TRG_039_TRG_099
-0.291538056019298,TRG_039_TRG_103
0.158065433599092,TRG_040_TRG_042
-1.78467727015762,TRG_040_TRG_043
-0.0640319131336576,TRG_040_TRG_053
-0.397769685094117,TRG_040_TRG_054
-0.745280960691975,TRG_040_TRG_058
-1.10899263678517,TRG_040_TRG_060
-1.16339271961901,TRG_040_TRG_067
1.31728009978818,TRG_040_TRG_068
1.38454724776702,TRG_040_TRG_069
1.88005214971729,TRG_040_TRG_070
-0.686483958606856,TRG_040_TRG_074
-1.89490603417073,TRG_040_TRG_078
0.988531588799038,TRG_040_TRG_085
0.697607243555712,TRG_040_TRG_086
0.122832210793658,TRG_040_TRG_087
0.613835199459836,TRG_040_TRG_089
1.25507093614014,TRG_040_TRG_092
-1.64246609433778,TRG_040_TRG_093
-1.68273598369008,TRG_040_TRG_094
-0.0386190056958365,TRG_040_TRG_097
-1.86912421858228,TRG_040_TRG_098
0.69236586436666,TRG_040_TRG_099
-0.120761826751,TRG_040_TRG_103
-1.69734624097462,TRG_042_TRG_043
1.44279041454922,TRG_042_TRG_053
-0.186043195608438,TRG_042_TRG_054
1.23663046433383,TRG_042_TRG_058
-0.820062011119753,TRG_042_TRG_060
-1.07682900455622,TRG_042_TRG_067
0.773852181923141,TRG_042_TRG_068
-1.03327975883086,TRG_042_TRG_069
1.1777424930213,TRG_042_TRG_070
1.54297893656137,TRG_042_TRG_074
-1.64805238343734,TRG_042_TRG_078
0.14196391614115,TRG_042_TRG_085
0.711681620228111,TRG_042_TRG_086
-1.53475158148465,TRG_042_TRG_087
0.963714335004047,TRG_042_TRG_089
0.69458315704136,TRG_042_TRG_092
0.991240230052312,TRG_042_TRG_093
0.319780908901796,TRG_042_TRG_094
1.30070296972738,TRG_042_TRG_097
-0.251018861100025,TRG_042_TRG_098
-0.883597648883794,TRG_042_TRG_099
-0.766387212309368,TRG_042_TRG_103
-0.998168983637063,TRG_043_TRG_053
1.23993390525521,TRG_043_TRG_054
-2.21335753684991,TRG_043_TRG_058
-0.799009529931795,TRG_043_TRG_060
1.93625131416851,TRG_043_TRG_067
-1.83078080003295,TRG_043_TRG_068
0.295673414245619,TRG_043_TRG_069
-1.48523629875038,TRG_043_TRG_070
-1.98779854728617,TRG_043_TRG_074
1.7614959097679,TRG_043_TRG_078
-0.600333721646599,TRG_043_TRG_085
-1.55644006899447,TRG_043_TRG_086
0.270409165569237,TRG_043_TRG_087
-0.262494131179647,TRG_043_TRG_089
0.572570908159109,TRG_043_TRG_092
-0.836838758444407,TRG_043_TRG_093
0.0807215651597979,TRG_043_TRG_094
0.309991566690105,TRG_043_TRG_097
-0.152635398647298,TRG_043_TRG_098
-0.395792218484581,TRG_043_TRG_099
0.292033435465867,TRG_043_TRG_103
-0.367476317125218,TRG_053_TRG_054
1.39753832634765,TRG_053_TRG_058
0.647450493837455,TRG_053_TRG_060
-0.393833576578823,TRG_053_TRG_067
1.714996507406,TRG_053_TRG_068
-1.24257249323161,TRG_053_TRG_069
0.234910117633844,TRG_053_TRG_070
1.2329673562462,TRG_053_TRG_074
-1.33649375292457,TRG_053_TRG_078
0.024923241867736,TRG_053_TRG_085
1.21945999903251,TRG_053_TRG_086
-0.712645637170015,TRG_053_TRG_087
0.944003502630684,TRG_053_TRG_089
1.13877225513168,TRG_053_TRG_092
0.43329504215511,TRG_053_TRG_093
-0.815972692012933,TRG_053_TRG_094
-0.81108349320798,TRG_053_TRG_097
-0.359729400842053,TRG_053_TRG_098
0.555683375143692,TRG_053_TRG_099
1.2358801387231,TRG_053_TRG_103
-1.00673669969998,TRG_054_TRG_058
-0.0516177370644771,TRG_054_TRG_060
1.38714668818723,TRG_054_TRG_067
-0.728310587914087,TRG_054_TRG_068
1.76307797267708,TRG_054_TRG_069
0.154679432554723,TRG_054_TRG_070
-0.741808236166067,TRG_054_TRG_074
1.39686807901123,TRG_054_TRG_078
-0.37930992762624,TRG_054_TRG_085
-0.18265140752307,TRG_054_TRG_086
0.0887586004552699,TRG_054_TRG_087
0.37456566170052,TRG_054_TRG_089
0.823385587674776,TRG_054_TRG_092
0.0624809875732347,TRG_054_TRG_093
0.901445509390214,TRG_054_TRG_094
0.933828600952535,TRG_054_TRG_097
-1.26221885980137,TRG_054_TRG_098
-0.502542140038521,TRG_054_TRG_099
1.31200025117076,TRG_054_TRG_103
0.658063793728985,TRG_058_TRG_060
-0.265726742051028,TRG_058_TRG_067
1.08994661005666,TRG_058_TRG_068
-1.60800599434801,TRG_058_TRG_069
0.032602888233377,TRG_058_TRG_070
2.24212356235144,TRG_058_TRG_074
-1.43400934832963,TRG_058_TRG_078
-0.688908375422275,TRG_058_TRG_085
0.384449448517798,TRG_058_TRG_086
-1.31428090062577,TRG_058_TRG_087
-0.0821984806722095,TRG_058_TRG_089
-0.484792988859312,TRG_058_TRG_092
1.54195420498739,TRG_058_TRG_093
0.69710359304607,TRG_058_TRG_094
0.238262894473392,TRG_058_TRG_097
-0.366984689104548,TRG_058_TRG_098
1.04587623941839,TRG_058_TRG_099
-0.369261308861235,TRG_058_TRG_103
0.0859659026245946,TRG_060_TRG_067
-0.26025140484635,TRG_060_TRG_068
-0.490087878648689,TRG_060_TRG_069
-1.25043357960494,TRG_060_TRG_070
0.228460686149359,TRG_060_TRG_074
-0.351865645283073,TRG_060_TRG_078
0.0727011551454169,TRG_060_TRG_085
-0.799874035634133,TRG_060_TRG_086
0.135703909674545,TRG_060_TRG_087
-0.79491241485614,TRG_060_TRG_089
0.068657251746662,TRG_060_TRG_092
0.312218872082698,TRG_060_TRG_093
-0.604407781107459,TRG_060_TRG_094
-1.37157663500265,TRG_060_TRG_097
-0.326257143010129,TRG_060_TRG_098
1.34682939591896,TRG_060_TRG_099
0.485574929202618,TRG_060_TRG_103
-1.05058524826752,TRG_067_TRG_068
0.409411348185262,TRG_067_TRG_069
-1.70271486864786,TRG_067_TRG_070
-0.871653805149798,TRG_067_TRG_074
1.33005081426191,TRG_067_TRG_078
-0.97045909015967,TRG_067_TRG_085
-1.34478582538096,TRG_067_TRG_086
0.216287981389791,TRG_067_TRG_087
-0.279753249834338,TRG_067_TRG_089
0.83479120859013,TRG_067_TRG_092
0.99961622879298,TRG_067_TRG_093
-0.174913188520579,TRG_067_TRG_094
0.154827225723115,TRG_067_TRG_097
0.114987288742435,TRG_067_TRG_098
-0.176713482818067,TRG_067_TRG_099
0.234711700905298,TRG_067_TRG_103
0.00758210175615948,TRG_068_TRG_069
1.43541297796867,TRG_068_TRG_070
1.29602827105743,TRG_068_TRG_074
-1.74105927744729,TRG_068_TRG_078
0.397330517763483,TRG_068_TRG_085
2.10198741746363,TRG_068_TRG_086
0.550822534062381,TRG_068_TRG_087
1.6645199239338,TRG_068_TRG_089
1.60212987431825,TRG_068_TRG_092
-0.343487644437485,TRG_068_TRG_093
-0.490280317772416,TRG_068_TRG_094
-0.114422729519788,TRG_068_TRG_097
-0.700017048199801,TRG_068_TRG_098
1.0564493591828,TRG_068_TRG_099
-1.00291490461159,TRG_068_TRG_103
0.763206436722176,TRG_069_TRG_070
-1.28136262628694,TRG_069_TRG_074
0.660040623016754,TRG_069_TRG_078
0.94769203991777,TRG_069_TRG_085
-0.298960509791671,TRG_069_TRG_086
1.24780945569489,TRG_069_TRG_087
-0.347244505116136,TRG_069_TRG_089
0.640247069851121,TRG_069_TRG_092
-1.03113401699302,TRG_069_TRG_093
-0.175546419861691,TRG_069_TRG_094
-0.381843771941752,TRG_069_TRG_097
-1.84017399758915,TRG_069_TRG_098
0.681406280339629,TRG_069_TRG_099
1.0954444249305,TRG_069_TRG_103
-0.158760378496142,TRG_070_TRG_074
-1.51579170152743,TRG_070_TRG_078
1.05510220959138,TRG_070_TRG_085
1.63112363203032,TRG_070_TRG_086
0.18513498856847,TRG_070_TRG_087
0.612344699800381,TRG_070_TRG_089
1.16793307283252,TRG_070_TRG_092
0.140085196550939,TRG_070_TRG_093
-0.874042201851594,TRG_070_TRG_094
-0.0563619858846893,TRG_070_TRG_097
-0.670287265239121,TRG_070_TRG_098
0.427952280397372,TRG_070_TRG_099
-0.50187429302527,TRG_070_TRG_103
-2.41811334093168,TRG_074_TRG_078
-1.0431836187668,TRG_074_TRG_085
0.310163427455373,TRG_074_TRG_086
-1.34174318258758,TRG_074_TRG_087
0.612203394767077,TRG_074_TRG_089
-0.0115946309454076,TRG_074_TRG_092
1.38213697018434,TRG_074_TRG_093
1.43817309322804,TRG_074_TRG_094
1.4260300007445,TRG_074_TRG_097
0.21533930489451,TRG_074_TRG_098
0.41421843630831,TRG_074_TRG_099
-0.709024445220117,TRG_074_TRG_103
-1.2102859501458,TRG_078_TRG_085
-1.55836769976282,TRG_078_TRG_086
-0.351443780979484,TRG_078_TRG_087
-1.2442115819768,TRG_078_TRG_089
-0.139121358806986,TRG_078_TRG_092
-1.08292332727498,TRG_078_TRG_093
0.266585406692505,TRG_078_TRG_094
-0.384069805712417,TRG_078_TRG_097
-0.902748356307032,TRG_078_TRG_098
-0.965233275595226,TRG_078_TRG_099
-0.661306040141125,TRG_078_TRG_103
-0.242866655114327,TRG_085_TRG_086
1.45025761459504,TRG_085_TRG_087
-0.204974548802522,TRG_085_TRG_089
0.644950860536008,TRG_085_TRG_092
-1.01515751728767,TRG_085_TRG_093
-0.873171497280709,TRG_085_TRG_094
-1.03918701426834,TRG_085_TRG_097
-0.648827530413624,TRG_085_TRG_098
1.06703586770217,TRG_085_TRG_099
-0.135012796373691,TRG_085_TRG_103
-0.777507533899816,TRG_086_TRG_087
0.965555474264759,TRG_086_TRG_089
1.82611567362456,TRG_086_TRG_092
-0.978561353326239,TRG_086_TRG_093
-0.837700947365802,TRG_086_TRG_094
-0.3785433100862,TRG_086_TRG_097
-0.82852611004316,TRG_086_TRG_098
0.547106014677703,TRG_086_TRG_099
-0.924175402037361,TRG_086_TRG_103
-0.371521341268309,TRG_087_TRG_089
0.153836901627911,TRG_087_TRG_092
-1.26808272750881,TRG_087_TRG_093
-0.68006410652258,TRG_087_TRG_094
-1.24596292233203,TRG_087_TRG_097
-0.664883444320371,TRG_087_TRG_098
0.788411591108948,TRG_087_TRG_099
-0.0864353332349177,TRG_087_TRG_103
2.29619799975517,TRG_089_TRG_092
-0.758248971687862,TRG_089_TRG_093
-0.112214439274486,TRG_089_TRG_094
1.81051968291058,TRG_089_TRG_097
-1.10381996947612,TRG_089_TRG_098
0.897949275012257,TRG_089_TRG_099
-0.589441791841496,TRG_089_TRG_103
-1.04150585871879,TRG_092_TRG_093
-0.1374546947725,TRG_092_TRG_094
1.50090781124907,TRG_092_TRG_097
-0.732341171350741,TRG_092_TRG_098
1.30080753902373,TRG_092_TRG_099
0.133970944841098,TRG_092_TRG_103
0.706416521462621,TRG_093_TRG_094
0.586903959284467,TRG_093_TRG_097
1.0456504193975,TRG_093_TRG_098
-0.478887314873129,TRG_093_TRG_099
-0.50943200413585,TRG_093_TRG_103
2.05210732933668,TRG_094_TRG_097
-0.182128384584119,TRG_094_TRG_098
-0.741465525020528,TRG_094_TRG_099
-0.538127784399331,TRG_094_TRG_103
0.0152034078924799,TRG_097_TRG_098
-0.665662343890815,TRG_097_TRG_099
0.0473232804974204,TRG_097_TRG_103
-1.48953255129279,TRG_098_TRG_099
-0.174722020553166,TRG_098_TRG_103
-0.494508079240537,TRG_099_TRG_103
