0.327426131057442,TRG_001_TRG_002
0.119299036943709,TRG_001_TRG_008
0.878410749069577,TRG_001_TRG_009
-0.497629755159721,TRG_001_TRG_012
0.133429315473561,TRG_001_TRG_015
0.299117799525349,TRG_001_TRG_028
0.693763676493992,TRG_001_TRG_029
0.299865839114755,TRG_001_TRG_030
0.645920155660377,TRG_001_TRG_031
-0.0605031715216681,TRG_001_TRG_048
0.0697371563991798,TRG_001_TRG_049
0.223663236527516,TRG_001_TRG_050
-0.980873112131352,TRG_001_TRG_052
0.38471292299519,TRG_001_TRG_056
0.448852537341412,TRG_001_TRG_061
0.975369962999401,TRG_001_TRG_062
0.203073188070603,TRG_001_TRG_071
1.14672134242189,TRG_001_TRG_076
-0.192370992585155,TRG_001_TRG_079
0.0246084597753587,TRG_001_TRG_080
0.273888202733585,TRG_001_TRG_081
0.344329820059111,TRG_001_TRG_084
0.270826019389288,TRG_001_TRG_091
0.995807540976204,TRG_001_TRG_096
0.768102977835079,TRG_001_TRG_100
-0.43007327131874,TRG_001_TRG_102
-0.511936752062122,TRG_002_TRG_008
-0.954865654845991,TRG_002_TRG_009
0.448484706573116,TRG_002_TRG_012
1.23644483211417,TRG_002_TRG_015
0.494570846313183,TRG_002_TRG_028
1.08891834043084,TRG_002_TRG_029
0.266100956495743,TRG_002_TRG_030
-0.515001820785365,TRG_002_TRG_031
0.10792064450486,TRG_002_TRG_048
-0.341984669811018,TRG_002_TRG_049
-0.739464012963516,TRG_002_TRG_050
-0.387305303130214,TRG_002_TRG_052
-0.0525206994530004,TRG_002_TRG_056
-1.69997926435318,TRG_002_TRG_061
-0.518727039947829,TRG_002_TRG_062
-0.128796775291314,TRG_002_TRG_071
-0.739271324069949,TRG_002_TRG_076
0.445760027379308,TRG_002_TRG_079
-0.0770454276777385,TRG_002_TRG_080
-0.0448531260083107,TRG_002_TRG_081
-0.693382364890207,TRG_002_TRG_084
-0.685925871426381,TRG_002_TRG_091
-0.880708718730983,TRG_002_TRG_096
-1.36366158317484,TRG_002_TRG_100
0.477340627233695,TRG_002_TRG_102
0.439101960399437,TRG_008_TRG_009
-1.81831826490216,TRG_008_TRG_012
0.449008328676036,TRG_008_TRG_015
-1.5495155979526,TRG_008_TRG_028
-0.102083051419737,TRG_008_TRG_029
0.0819682021110219,TRG_008_TRG_030
1.99290364727187,TRG_008_TRG_031
-0.614008333931073,TRG_008_TRG_048
0.124444000032849,TRG_008_TRG_049
-0.52324999085216,TRG_008_TRG_050
-0.510973677927375,TRG_008_TRG_052
-1.50349183004436,TRG_008_TRG_056
-0.588604246915462,TRG_008_TRG_061
-0.788526086804779,TRG_008_TRG_062
-1.12029219173744,TRG_008_TRG_071
-0.0826520340176804,TRG_008_TRG_076
0.810975360610767,TRG_008_TRG_079
-0.0920112342632048,TRG_008_TRG_080
0.182217901345182,TRG_008_TRG_081
0.918881390228715,TRG_008_TRG_084
-0.269715752126039,TRG_008_TRG_091
0.884128410380375,TRG_008_TRG_096
1.04550319225221,TRG_008_TRG_100
0.646040047929107,TRG_008_TRG_102
-0.823115662508298,TRG_009_TRG_012
-0.268080980933194,TRG_009_TRG_015
-1.05747684815827,TRG_009_TRG_028
-0.559770927464496,TRG_009_TRG_029
-0.563313633924955,TRG_009_TRG_030
0.202527600335523,TRG_009_TRG_031
0.441666040621082,TRG_009_TRG_048
-0.319853283664625,TRG_009_TRG_049
-0.183148442575522,TRG_009_TRG_050
0.318284219227066,TRG_009_TRG_052
-1.56816546953148,TRG_009_TRG_056
-1.42060237527136,TRG_009_TRG_061
1.64244125305356,TRG_009_TRG_062
-0.957037464446151,TRG_009_TRG_071
-0.660611312065516,TRG_009_TRG_076
0.311701063908298,TRG_009_TRG_079
0.0562707477519155,TRG_009_TRG_080
-0.590220701502632,TRG_009_TRG_081
-0.235746931684583,TRG_009_TRG_084
1.48123457217645,TRG_009_TRG_091
-0.351073672179708,TRG_009_TRG_096
0.101467412174783,TRG_009_TRG_100
0.672148251120345,TRG_009_TRG_102
0.599916115226162,TRG_012_TRG_015
1.16590942943664,TRG_012_TRG_028
1.48217216814123,TRG_012_TRG_029
1.25160580382442,TRG_012_TRG_030
-1.0674186395827,TRG_012_TRG_031
1.98741021691322,TRG_012_TRG_048
1.13806644215756,TRG_012_TRG_049
1.48110067039824,TRG_012_TRG_050
1.71099158366792,TRG_012_TRG_052
-0.536514200736157,TRG_012_TRG_056
-0.0603712255494462,TRG_012_TRG_061
0.567212807189359,TRG_012_TRG_062
1.56249742376903,TRG_012_TRG_071
-0.0435507472159962,TRG_012_TRG_076
-0.810568529501851,TRG_012_TRG_079
1.7500435471606,TRG_012_TRG_080
0.697549313642514,TRG_012_TRG_081
-0.0184114575213247,TRG_012_TRG_084
0.782623942750097,TRG_012_TRG_091
-0.596882672246589,TRG_012_TRG_096
-0.0667666282262128,TRG_012_TRG_100
-1.81493558123272,TRG_012_TRG_102
-0.115819370009824,TRG_015_TRG_028
0.491009237166381,TRG_015_TRG_029
-0.165396956404611,TRG_015_TRG_030
-0.395927564694173,TRG_015_TRG_031
-0.0613320799977822,TRG_015_TRG_048
-0.580688078155491,TRG_015_TRG_049
-1.32562160122279,TRG_015_TRG_050
0.264536217754866,TRG_015_TRG_052
1.38277816428564,TRG_015_TRG_056
-1.02233793614063,TRG_015_TRG_061
-0.498532566485168,TRG_015_TRG_062
-0.731623458717918,TRG_015_TRG_071
-1.11089743534045,TRG_015_TRG_076
-1.13700523241917,TRG_015_TRG_079
-0.0227933341560568,TRG_015_TRG_080
-1.05421560000566,TRG_015_TRG_081
-0.746435184635711,TRG_015_TRG_084
-0.947573979151709,TRG_015_TRG_091
-0.0400458704737308,TRG_015_TRG_096
0.671259054410108,TRG_015_TRG_100
1.67659449708058,TRG_015_TRG_102
1.73502623393678,TRG_028_TRG_029
1.73433076510498,TRG_028_TRG_030
-0.508167537063264,TRG_028_TRG_031
0.994108253957846,TRG_028_TRG_048
1.60818632027778,TRG_028_TRG_049
-0.0650721925956314,TRG_028_TRG_050
0.703744938769608,TRG_028_TRG_052
0.321363344535264,TRG_028_TRG_056
-0.521470609648959,TRG_028_TRG_061
0.866583832545176,TRG_028_TRG_062
2.09867671844005,TRG_028_TRG_071
0.602691758693996,TRG_028_TRG_076
-0.72331960515118,TRG_028_TRG_079
1.16471057502258,TRG_028_TRG_080
0.582303443464549,TRG_028_TRG_081
1.42259176018863,TRG_028_TRG_084
0.372419400305882,TRG_028_TRG_091
-0.33884226327712,TRG_028_TRG_096
-0.635235174961203,TRG_028_TRG_100
-1.45397160453289,TRG_028_TRG_102
1.2100972904361,TRG_029_TRG_030
0.605192821010162,TRG_029_TRG_031
1.02402083280849,TRG_029_TRG_048
1.82093149296287,TRG_029_TRG_049
0.944990966955719,TRG_029_TRG_050
0.341789870110099,TRG_029_TRG_052
0.939228497843297,TRG_029_TRG_056
-0.0661656614136156,TRG_029_TRG_061
0.155400755616874,TRG_029_TRG_062
1.7403493063837,TRG_029_TRG_071
1.13726928033082,TRG_029_TRG_076
0.157934672570482,TRG_029_TRG_079
1.63126679140091,TRG_029_TRG_080
1.41128750959852,TRG_029_TRG_081
1.24926931657538,TRG_029_TRG_084
0.635172666204325,TRG_029_TRG_091
0.901982546825144,TRG_029_TRG_096
-0.357778866667312,TRG_029_TRG_100
-0.222621159789225,TRG_029_TRG_102
0.890503826708459,TRG_030_TRG_031
0.829439925226048,TRG_030_TRG_048
1.99296827129817,TRG_030_TRG_049
0.777121871300548,TRG_030_TRG_050
-0.22217826664457,TRG_030_TRG_052
-1.20659176634771,TRG_030_TRG_056
0.851415504297999,TRG_030_TRG_061
0.215765559927461,TRG_030_TRG_062
1.69140188108669,TRG_030_TRG_071
1.49783848775251,TRG_030_TRG_076
1.23650188395508,TRG_030_TRG_079
1.22098093534564,TRG_030_TRG_080
1.34633917853738,TRG_030_TRG_081
1.93900715831524,TRG_030_TRG_084
-0.377332193825342,TRG_030_TRG_091
0.586369036541944,TRG_030_TRG_096
0.215530352846578,TRG_030_TRG_100
-0.124222664087178,TRG_030_TRG_102
-0.888860567925404,TRG_031_TRG_048
0.505661630210746,TRG_031_TRG_049
0.52944290833523,TRG_031_TRG_050
-0.458566958806701,TRG_031_TRG_052
-1.56641903857344,TRG_031_TRG_056
0.991672700589262,TRG_031_TRG_061
-0.342036336296721,TRG_031_TRG_062
0.242524475898313,TRG_031_TRG_071
1.22753345547234,TRG_031_TRG_076
1.07723270519223,TRG_031_TRG_079
0.12405507289189,TRG_031_TRG_080
1.48939161274804,TRG_031_TRG_081
1.1907998750801,TRG_031_TRG_084
-0.129968053173784,TRG_031_TRG_091
1.68245598038138,TRG_031_TRG_096
0.764856041293769,TRG_031_TRG_100
0.828772280414495,TRG_031_TRG_102
1.10020659519341,TRG_048_TRG_049
1.30502297870604,TRG_048_TRG_050
2.22505647091536,TRG_048_TRG_052
-1.42802181309705,TRG_048_TRG_056
0.192991073710316,TRG_048_TRG_061
1.35820792329981,TRG_048_TRG_062
1.72642334644064,TRG_048_TRG_071
-0.11973647138269,TRG_048_TRG_076
-0.205144773252485,TRG_048_TRG_079
0.845384008783632,TRG_048_TRG_080
0.56410550272639,TRG_048_TRG_081
-0.630889116197421,TRG_048_TRG_084
1.89290336777829,TRG_048_TRG_091
-0.186889066602105,TRG_048_TRG_096
-0.190349000770672,TRG_048_TRG_100
-1.74452064649505,TRG_048_TRG_102
1.09238503218496,TRG_049_TRG_050
-0.0982799757286033,TRG_049_TRG_052
-0.615922773877422,TRG_049_TRG_056
0.198495073695278,TRG_049_TRG_061
-0.425769288567164,TRG_049_TRG_062
1.66493208144758,TRG_049_TRG_071
0.8325889274401,TRG_049_TRG_076
0.834863131915817,TRG_049_TRG_079
1.26411687439218,TRG_049_TRG_080
1.76622871257561,TRG_049_TRG_081
2.02035148319942,TRG_049_TRG_084
-0.233624333453445,TRG_049_TRG_091
0.159327844397754,TRG_049_TRG_096
-0.189679924703488,TRG_049_TRG_100
0.0983903576298725,TRG_049_TRG_102
-0.418200711323966,TRG_050_TRG_052
-2.0499882680508,TRG_050_TRG_056
0.616818105604281,TRG_050_TRG_061
0.402727766860959,TRG_050_TRG_062
1.50738908166779,TRG_050_TRG_071
0.557661656053854,TRG_050_TRG_076
0.379190733242425,TRG_050_TRG_079
1.64076973419493,TRG_050_TRG_080
1.33128097292269,TRG_050_TRG_081
0.376322194904529,TRG_050_TRG_084
-0.156000216859429,TRG_050_TRG_091
0.880085259127971,TRG_050_TRG_096
1.573330618524,TRG_050_TRG_100
-0.494882706066302,TRG_050_TRG_102
-1.01899662721862,TRG_052_TRG_056
-0.943168025765786,TRG_052_TRG_061
1.11526416449987,TRG_052_TRG_062
0.816903970006778,TRG_052_TRG_071
-0.96398586107863,TRG_052_TRG_076
-1.54190334957133,TRG_052_TRG_079
0.458469452635811,TRG_052_TRG_080
-0.365901234357412,TRG_052_TRG_081
-1.23687442204568,TRG_052_TRG_084
1.99910681565251,TRG_052_TRG_091
-0.913360666908354,TRG_052_TRG_096
0.254379563924685,TRG_052_TRG_100
-2.34222440735194,TRG_052_TRG_102
-1.11239492761706,TRG_056_TRG_061
-0.797215261886469,TRG_056_TRG_062
-0.366099407003337,TRG_056_TRG_071
-1.13096072026694,TRG_056_TRG_076
-1.01073583507496,TRG_056_TRG_079
0.0650590728686596,TRG_056_TRG_080
-1.47536219349343,TRG_056_TRG_081
0.00469421741725301,TRG_056_TRG_084
-1.12061866453922,TRG_056_TRG_091
-0.435788987889148,TRG_056_TRG_096
-0.558878766256565,TRG_056_TRG_100
1.10598406796307,TRG_056_TRG_102
-0.317375482394449,TRG_061_TRG_062
0.809309675106751,TRG_061_TRG_071
1.48954358133363,TRG_061_TRG_076
-0.0273027294926801,TRG_061_TRG_079
0.452089762917449,TRG_061_TRG_080
0.192361537326358,TRG_061_TRG_081
0.845448296369486,TRG_061_TRG_084
-0.306273858422334,TRG_061_TRG_091
1.35511996725213,TRG_061_TRG_096
0.524443306698887,TRG_061_TRG_100
-0.260198783023612,TRG_061_TRG_102
0.792946819422667,TRG_062_TRG_071
-0.998897855155596,TRG_062_TRG_076
-0.792727889915042,TRG_062_TRG_079
0.688516521086335,TRG_062_TRG_080
-0.157523834890211,TRG_062_TRG_081
-0.72251896814151,TRG_062_TRG_084
2.19669565183865,TRG_062_TRG_091
-0.0941911721491321,TRG_062_TRG_096
0.83068613081793,TRG_062_TRG_100
-0.708355016765492,TRG_062_TRG_102
0.930007697374864,TRG_071_TRG_076
0.0472344203427901,TRG_071_TRG_079
1.72424787280579,TRG_071_TRG_080
0.6266076872105,TRG_071_TRG_081
1.39063188876018,TRG_071_TRG_084
0.806696643229786,TRG_071_TRG_091
0.269592332073967,TRG_071_TRG_096
-0.589962322468726,TRG_071_TRG_100
-1.09731021564913,TRG_071_TRG_102
0.176257216293465,TRG_076_TRG_079
-0.0118337306764941,TRG_076_TRG_080
1.16666781248755,TRG_076_TRG_081
0.988721795525107,TRG_076_TRG_084
-0.645284878408301,TRG_076_TRG_091
1.38426593955124,TRG_076_TRG_096
0.247523866352417,TRG_076_TRG_100
-0.656065177297192,TRG_076_TRG_102
0.17457057940047,TRG_079_TRG_080
0.49059604871873,TRG_079_TRG_081
0.467072688039616,TRG_079_TRG_084
-0.673984741790551,TRG_079_TRG_091
-0.0214767746576253,TRG_079_TRG_096
-0.899227961461495,TRG_079_TRG_100
1.01237531524801,TRG_079_TRG_102
0.0367617870850255,TRG_080_TRG_081
1.25610656306066,TRG_080_TRG_084
0.486022672039305,TRG_080_TRG_091
0.11468550368498,TRG_080_TRG_096
0.907746959174119,TRG_080_TRG_100
-0.025884996292541,TRG_080_TRG_102
1.00711607977413,TRG_081_TRG_084
-0.506518139233304,TRG_081_TRG_091
0.944115174601061,TRG_081_TRG_096
0.351284681171655,TRG_081_TRG_100
-0.10136273177708,TRG_081_TRG_102
-0.87797955540626,TRG_084_TRG_091
0.771443639831455,TRG_084_TRG_096
0.788337082658769,TRG_084_TRG_100
0.212416717087202,TRG_084_TRG_102
-0.505742052478982,TRG_091_TRG_096
-0.0590378601407499,TRG_091_TRG_100
-1.56843917747562,TRG_091_TRG_102
0.38800754463138,TRG_096_TRG_100
0.150850414991274,TRG_096_TRG_102
-0.366773965137169,TRG_100_TRG_102
