0.315299799382886,TRG_001_TRG_002
-0.0837138123522678,TRG_001_TRG_008
0.170806061298292,TRG_001_TRG_009
1.11286523322396,TRG_001_TRG_012
-0.00909462896592571,TRG_001_TRG_015
0.0773409809626898,TRG_001_TRG_028
-1.14108992885135,TRG_001_TRG_029
-0.550347066785708,TRG_001_TRG_030
0.945496096560811,TRG_001_TRG_031
0.00899323222359799,TRG_001_TRG_044
1.20088685236921,TRG_001_TRG_048
-1.32822599563509,TRG_001_TRG_049
1.44213790939699,TRG_001_TRG_050
1.32739559080058,TRG_001_TRG_052
1.12363797896725,TRG_001_TRG_056
-0.0625414256381486,TRG_001_TRG_061
-0.352462136941767,TRG_001_TRG_062
-1.72387253734489,TRG_001_TRG_071
-0.125557928565494,TRG_001_TRG_076
1.06869458825849,TRG_001_TRG_079
-1.16878159386945,TRG_001_TRG_080
1.62805995397506,TRG_001_TRG_081
-1.28440058966804,TRG_001_TRG_082
1.44795078401865,TRG_001_TRG_084
1.2086232796086,TRG_001_TRG_091
0.512186474375205,TRG_001_TRG_096
-0.602027011720026,TRG_001_TRG_100
-0.482678597126887,TRG_001_TRG_102
-0.733269550362729,TRG_002_TRG_008
0.960572608315977,TRG_002_TRG_009
1.89729553917482,TRG_002_TRG_012
1.51344275785898,TRG_002_TRG_015
0.0785228099086364,TRG_002_TRG_028
0.828961268036673,TRG_002_TRG_029
-0.149489700005985,TRG_002_TRG_030
0.906471960361535,TRG_002_TRG_031
-0.970792415066359,TRG_002_TRG_044
0.955539409564208,TRG_002_TRG_048
-0.20047505324249,TRG_002_TRG_049
1.99059310253553,TRG_002_TRG_050
-0.791865277095186,TRG_002_TRG_052
0.814909303524637,TRG_002_TRG_056
0.914114363275739,TRG_002_TRG_061
-0.587960681846816,TRG_002_TRG_062
-1.08366476330895,TRG_002_TRG_071
0.0507626681121784,TRG_002_TRG_076
0.361866046859827,TRG_002_TRG_079
0.230107510570413,TRG_002_TRG_080
1.98111527349449,TRG_002_TRG_081
0.293191587909376,TRG_002_TRG_082
0.62250563287269,TRG_002_TRG_084
-0.827443005164456,TRG_002_TRG_091
-0.557118950333456,TRG_002_TRG_096
1.32903012998879,TRG_002_TRG_100
0.328469105855362,TRG_002_TRG_102
-1.24002914883701,TRG_008_TRG_009
0.654019495389054,TRG_008_TRG_012
0.754820034069637,TRG_008_TRG_015
1.07612842404648,TRG_008_TRG_028
-0.237517083535584,TRG_008_TRG_029
-0.539306238358271,TRG_008_TRG_030
0.0699672269328784,TRG_008_TRG_031
0.648960019488545,TRG_008_TRG_044
1.0627068888107,TRG_008_TRG_048
-1.48375785449787,TRG_008_TRG_049
0.179638132767435,TRG_008_TRG_050
0.177999255861392,TRG_008_TRG_052
-0.943078537638942,TRG_008_TRG_056
-0.595134218470802,TRG_008_TRG_061
-1.05052762534992,TRG_008_TRG_062
1.60004410818544,TRG_008_TRG_071
1.12218325631636,TRG_008_TRG_076
-0.836206032870002,TRG_008_TRG_079
-1.37626979058589,TRG_008_TRG_080
-1.25780522413634,TRG_008_TRG_081
1.10561750787225,TRG_008_TRG_082
-0.869030578798216,TRG_008_TRG_084
0.602702392527955,TRG_008_TRG_091
0.865821390866585,TRG_008_TRG_096
0.338102036058693,TRG_008_TRG_100
-0.617088847423146,TRG_008_TRG_102
0.0271968021501141,TRG_009_TRG_012
0.533857647400815,TRG_009_TRG_015
0.0885287548861533,TRG_009_TRG_028
1.03952401115613,TRG_009_TRG_029
0.805073853589307,TRG_009_TRG_030
0.682457654427242,TRG_009_TRG_031
-0.508211223816812,TRG_009_TRG_044
0.304788705247688,TRG_009_TRG_048
1.1213644586359,TRG_009_TRG_049
0.420539387640824,TRG_009_TRG_050
-0.706917101875616,TRG_009_TRG_052
1.02872775910716,TRG_009_TRG_056
1.03316354142583,TRG_009_TRG_061
-0.116757063730313,TRG_009_TRG_062
-1.07476648339062,TRG_009_TRG_071
0.368866164820317,TRG_009_TRG_076
1.33033190544824,TRG_009_TRG_079
0.225767046168042,TRG_009_TRG_080
0.716331648214419,TRG_009_TRG_081
1.2086644703704,TRG_009_TRG_082
0.288642596178586,TRG_009_TRG_084
-0.691200184124227,TRG_009_TRG_091
-0.0184643191823438,TRG_009_TRG_096
0.521212695762348,TRG_009_TRG_100
-0.207740709766378,TRG_009_TRG_102
0.73214304139559,TRG_012_TRG_015
0.689320652333208,TRG_012_TRG_028
0.578705741128694,TRG_012_TRG_029
-0.251825051559938,TRG_012_TRG_030
1.76779961944218,TRG_012_TRG_031
-0.415278205936704,TRG_012_TRG_044
1.57737994859572,TRG_012_TRG_048
-0.218144826544284,TRG_012_TRG_049
2.45015182459828,TRG_012_TRG_050
0.752989884341554,TRG_012_TRG_052
1.56673848472883,TRG_012_TRG_056
0.364088152776089,TRG_012_TRG_061
0.0223260140828156,TRG_012_TRG_062
-0.144206793158316,TRG_012_TRG_071
-0.66879728902747,TRG_012_TRG_076
1.45744802523159,TRG_012_TRG_079
-0.698663547241305,TRG_012_TRG_080
1.2773957827736,TRG_012_TRG_081
-0.223146138903179,TRG_012_TRG_082
1.20772299759286,TRG_012_TRG_084
-0.170179540163484,TRG_012_TRG_091
1.00259450505595,TRG_012_TRG_096
0.992592302857495,TRG_012_TRG_100
-0.304584865604214,TRG_012_TRG_102
0.679196968922754,TRG_015_TRG_028
-0.138477730514696,TRG_015_TRG_029
-0.884602904246779,TRG_015_TRG_030
-0.0903330169687865,TRG_015_TRG_031
-0.185981592904367,TRG_015_TRG_044
0.392043902884077,TRG_015_TRG_048
-1.50377358412978,TRG_015_TRG_049
1.78030802694319,TRG_015_TRG_050
0.609986593581862,TRG_015_TRG_052
0.0959009171283978,TRG_015_TRG_056
-0.660033193582998,TRG_015_TRG_061
-1.28520573749644,TRG_015_TRG_062
1.30608221234532,TRG_015_TRG_071
-0.194562826871449,TRG_015_TRG_076
-0.109325610324703,TRG_015_TRG_079
-1.98228102746736,TRG_015_TRG_080
-0.118659964023218,TRG_015_TRG_081
0.339163908597985,TRG_015_TRG_082
0.0978675761362623,TRG_015_TRG_084
-0.415847099150622,TRG_015_TRG_091
-0.419252545362086,TRG_015_TRG_096
2.26450742370573,TRG_015_TRG_100
0.204815250287198,TRG_015_TRG_102
-1.04479291231426,TRG_028_TRG_029
0.797337649934481,TRG_028_TRG_030
0.846647622828645,TRG_028_TRG_031
0.703527599501484,TRG_028_TRG_044
2.47210032183503,TRG_028_TRG_048
0.614163348656729,TRG_028_TRG_049
0.349583945545595,TRG_028_TRG_050
1.28685718723973,TRG_028_TRG_052
-0.024953337803644,TRG_028_TRG_056
0.0908776480526572,TRG_028_TRG_061
-0.00899759172363803,TRG_028_TRG_062
0.591311360966058,TRG_028_TRG_071
-0.19464691012557,TRG_028_TRG_076
-0.694823175420276,TRG_028_TRG_079
-0.296259839269303,TRG_028_TRG_080
-0.192591833751017,TRG_028_TRG_081
1.30587285991245,TRG_028_TRG_082
0.646200651378164,TRG_028_TRG_084
0.429450362141962,TRG_028_TRG_091
0.984732228373674,TRG_028_TRG_096
-0.0882016955387065,TRG_028_TRG_100
0.527299044089788,TRG_028_TRG_102
-0.476630716317537,TRG_029_TRG_030
-0.162556146976513,TRG_029_TRG_031
-0.673597489455856,TRG_029_TRG_044
-0.655318883396146,TRG_029_TRG_048
-0.307324034073903,TRG_029_TRG_049
0.153514746312319,TRG_029_TRG_050
-0.481231624196708,TRG_029_TRG_052
0.950343295886667,TRG_029_TRG_056
-0.216679485648138,TRG_029_TRG_061
-1.62641039951226,TRG_029_TRG_062
0.413478233261844,TRG_029_TRG_071
1.58414167628853,TRG_029_TRG_076
1.33467747146899,TRG_029_TRG_079
-0.50346060700439,TRG_029_TRG_080
-0.352940695217934,TRG_029_TRG_081
-0.194280195789359,TRG_029_TRG_082
-0.640908438078672,TRG_029_TRG_084
-0.38276568295602,TRG_029_TRG_091
-0.776187356122164,TRG_029_TRG_096
0.301480810211386,TRG_029_TRG_100
-0.947599809403422,TRG_029_TRG_102
0.243845864829702,TRG_030_TRG_031
0.327697278118484,TRG_030_TRG_044
0.893826386033309,TRG_030_TRG_048
2.15426653993151,TRG_030_TRG_049
-0.159414126022625,TRG_030_TRG_050
-0.140579000477424,TRG_030_TRG_052
1.576578038577,TRG_030_TRG_056
2.68126127564736,TRG_030_TRG_061
2.31138638402273,TRG_030_TRG_062
-0.0375002660005615,TRG_030_TRG_071
-0.953217259967862,TRG_030_TRG_076
-0.102124338427373,TRG_030_TRG_079
1.94268819198123,TRG_030_TRG_080
0.516770031846268,TRG_030_TRG_081
1.09763288186263,TRG_030_TRG_082
0.7695348487728,TRG_030_TRG_084
-0.552880949829398,TRG_030_TRG_091
1.43946974139989,TRG_030_TRG_096
0.276790749423954,TRG_030_TRG_100
-1.79035176186613,TRG_030_TRG_102
-0.163811150700226,TRG_031_TRG_044
1.76916323929931,TRG_031_TRG_048
0.671968774319035,TRG_031_TRG_049
1.51433902926759,TRG_031_TRG_050
0.487228858604097,TRG_031_TRG_052
1.25720457774482,TRG_031_TRG_056
0.584987398042458,TRG_031_TRG_061
0.810916436826182,TRG_031_TRG_062
-0.690155606539194,TRG_031_TRG_071
0.0423924054582712,TRG_031_TRG_076
1.38438999886667,TRG_031_TRG_079
-0.356142343401766,TRG_031_TRG_080
0.566866740326503,TRG_031_TRG_081
0.00298622490562087,TRG_031_TRG_082
1.63092548802363,TRG_031_TRG_084
-0.870128563508929,TRG_031_TRG_091
1.16930244887745,TRG_031_TRG_096
0.641939155981814,TRG_031_TRG_100
-0.135650279011955,TRG_031_TRG_102
1.42497578372285,TRG_044_TRG_048
0.614696799205229,TRG_044_TRG_049
0.456574486295651,TRG_044_TRG_050
2.03550639121124,TRG_044_TRG_052
-0.195937733931524,TRG_044_TRG_056
0.716461912260366,TRG_044_TRG_061
0.298414710453599,TRG_044_TRG_062
0.639836778450306,TRG_044_TRG_071
1.13056085492495,TRG_044_TRG_076
0.0490821625209438,TRG_044_TRG_079
0.700268789856335,TRG_044_TRG_080
0.0931588882924026,TRG_044_TRG_081
1.07225843710825,TRG_044_TRG_082
-1.51608385529946,TRG_044_TRG_084
-0.765010851286318,TRG_044_TRG_091
2.28089714348969,TRG_044_TRG_096
1.13377084767127,TRG_044_TRG_100
-0.444025673918771,TRG_044_TRG_102
0.515149773137632,TRG_048_TRG_049
0.376027546413202,TRG_048_TRG_050
1.66025448054681,TRG_048_TRG_052
0.204737623758651,TRG_048_TRG_056
1.1392650177818,TRG_048_TRG_061
0.988997692578245,TRG_048_TRG_062
0.463802677669282,TRG_048_TRG_071
0.0736131419816088,TRG_048_TRG_076
-0.433281067965182,TRG_048_TRG_079
-0.200699613297134,TRG_048_TRG_080
0.183006490715161,TRG_048_TRG_081
0.734723993536226,TRG_048_TRG_082
0.502255216022493,TRG_048_TRG_084
1.30663970923254,TRG_048_TRG_091
2.08176278201874,TRG_048_TRG_096
1.10971725193184,TRG_048_TRG_100
0.0282314836465591,TRG_048_TRG_102
-0.0320239717744763,TRG_049_TRG_050
0.0357229341457206,TRG_049_TRG_052
1.45419511699036,TRG_049_TRG_056
2.34548099362311,TRG_049_TRG_061
1.25065066692914,TRG_049_TRG_062
-0.248872199901728,TRG_049_TRG_071
-0.237250318357871,TRG_049_TRG_076
0.0630323522899396,TRG_049_TRG_079
2.36445697925706,TRG_049_TRG_080
0.664829298602745,TRG_049_TRG_081
1.13804694617904,TRG_049_TRG_082
-0.474241746583004,TRG_049_TRG_084
-1.74358602214573,TRG_049_TRG_091
1.60971282764138,TRG_049_TRG_096
-0.18274521996894,TRG_049_TRG_100
-1.19852721145459,TRG_049_TRG_102
1.3287164457148,TRG_050_TRG_052
1.59162268451051,TRG_050_TRG_056
0.161728549547747,TRG_050_TRG_061
-0.0510633983981194,TRG_050_TRG_062
-0.289159607475541,TRG_050_TRG_071
-0.129275136233761,TRG_050_TRG_076
1.69381087443455,TRG_050_TRG_079
-0.545769547231292,TRG_050_TRG_080
1.9907680612653,TRG_050_TRG_081
0.132426940007728,TRG_050_TRG_082
0.265586460113935,TRG_050_TRG_084
-0.271854753635334,TRG_050_TRG_091
0.204736138080089,TRG_050_TRG_096
1.73678064491875,TRG_050_TRG_100
0.513821592406184,TRG_050_TRG_102
0.674017462326562,TRG_052_TRG_056
0.186515615283023,TRG_052_TRG_061
0.0688580897060514,TRG_052_TRG_062
-0.456386415155652,TRG_052_TRG_071
0.600576110277654,TRG_052_TRG_076
0.884066057643508,TRG_052_TRG_079
-0.348547761919755,TRG_052_TRG_080
0.807660951379347,TRG_052_TRG_081
0.238276421247063,TRG_052_TRG_082
-0.280702413890257,TRG_052_TRG_084
-0.043648226591218,TRG_052_TRG_091
1.77508394058035,TRG_052_TRG_096
0.891478960093087,TRG_052_TRG_100
-0.399083003757667,TRG_052_TRG_102
1.51760031291923,TRG_056_TRG_061
-0.153624896456197,TRG_056_TRG_062
-0.694991424434531,TRG_056_TRG_071
0.484720807973868,TRG_056_TRG_076
1.96449426596837,TRG_056_TRG_079
0.622246982096471,TRG_056_TRG_080
0.644050778651724,TRG_056_TRG_081
1.26665696867851,TRG_056_TRG_082
1.1529923753753,TRG_056_TRG_084
-1.4761225283731,TRG_056_TRG_091
0.991959637070455,TRG_056_TRG_096
-0.0725574563258522,TRG_056_TRG_100
-1.23198111931026,TRG_056_TRG_102
2.10294536325925,TRG_061_TRG_062
0.0113724368884442,TRG_061_TRG_071
0.664558531987605,TRG_061_TRG_076
0.621184719565759,TRG_061_TRG_079
2.75137345087907,TRG_061_TRG_080
1.61305606953934,TRG_061_TRG_081
0.992258616469539,TRG_061_TRG_082
0.386671876031874,TRG_061_TRG_084
-0.207185653421061,TRG_061_TRG_091
1.85049147880678,TRG_061_TRG_096
0.799367133073048,TRG_061_TRG_100
-1.12829083002353,TRG_061_TRG_102
-1.86977784919821,TRG_062_TRG_071
-1.0269722153567,TRG_062_TRG_076
-1.17068095929663,TRG_062_TRG_079
1.43239332496824,TRG_062_TRG_080
0.302421777117175,TRG_062_TRG_081
-0.723954630513198,TRG_062_TRG_082
1.22860106006759,TRG_062_TRG_084
-1.31755685455579,TRG_062_TRG_091
0.663811967657372,TRG_062_TRG_096
0.686659978907077,TRG_062_TRG_100
-1.16641990926053,TRG_062_TRG_102
0.098813176067411,TRG_071_TRG_076
-0.186533872695928,TRG_071_TRG_079
0.230174547512924,TRG_071_TRG_080
0.378156589700253,TRG_071_TRG_081
1.87038517296897,TRG_071_TRG_082
-0.958371323505533,TRG_071_TRG_084
-1.57197418304452,TRG_071_TRG_091
1.19666340887662,TRG_071_TRG_096
1.06808571745266,TRG_071_TRG_100
-0.011380038756753,TRG_071_TRG_102
1.49203871181305,TRG_076_TRG_079
0.00791877855496487,TRG_076_TRG_080
0.405282660201143,TRG_076_TRG_081
-0.518549321181698,TRG_076_TRG_082
-0.243067512961014,TRG_076_TRG_084
-0.508769655089171,TRG_076_TRG_091
-0.131663510560191,TRG_076_TRG_096
-0.0572482521339889,TRG_076_TRG_100
0.0783304965977467,TRG_076_TRG_102
-0.728657090594522,TRG_079_TRG_080
1.16403554024234,TRG_079_TRG_081
-0.218145775655366,TRG_079_TRG_082
1.63783247273104,TRG_079_TRG_084
-0.966976327544293,TRG_079_TRG_091
0.228984724584712,TRG_079_TRG_096
0.166155074862857,TRG_079_TRG_100
1.04546396562761,TRG_079_TRG_102
1.74673153512152,TRG_080_TRG_081
0.425819990906089,TRG_080_TRG_082
-0.306883878951696,TRG_080_TRG_084
-1.50579726438546,TRG_080_TRG_091
1.51678454377464,TRG_080_TRG_096
-0.0353629402527975,TRG_080_TRG_100
-0.608205430062036,TRG_080_TRG_102
0.754027221514812,TRG_081_TRG_082
1.12864075297837,TRG_081_TRG_084
0.224187715212398,TRG_081_TRG_091
0.464823330135173,TRG_081_TRG_096
0.270859180976447,TRG_081_TRG_100
1.06295014154588,TRG_081_TRG_102
-0.121538396423346,TRG_082_TRG_084
-1.57223091514729,TRG_082_TRG_091
1.35992656685668,TRG_082_TRG_096
-0.145380596285875,TRG_082_TRG_100
0.130478495914697,TRG_082_TRG_102
-0.198757930936105,TRG_084_TRG_091
-0.111771359841228,TRG_084_TRG_096
-0.798583256506478,TRG_084_TRG_100
0.00269958529524949,TRG_084_TRG_102
-0.393428597938814,TRG_091_TRG_096
-1.30553281818332,TRG_091_TRG_100
-1.65760190463177,TRG_091_TRG_102
1.23304836254034,TRG_096_TRG_100
-0.750424210852582,TRG_096_TRG_102
-1.01431503786818,TRG_100_TRG_102
