1.16205315652622,TRG_004_TRG_007
0.00245729643394393,TRG_004_TRG_010
0.451216892247042,TRG_004_TRG_011
-0.034734785989049,TRG_004_TRG_014
-0.717081378623298,TRG_004_TRG_016
0.22422444190128,TRG_004_TRG_017
-1.13390961361877,TRG_004_TRG_020
1.13351177627497,TRG_004_TRG_022
-0.232870560852103,TRG_004_TRG_023
0.165885388266338,TRG_004_TRG_025
1.09799179808109,TRG_004_TRG_033
-1.33631815581319,TRG_004_TRG_039
0.0202649689480534,TRG_004_TRG_040
-0.472492586401515,TRG_004_TRG_042
0.00239491282851765,TRG_004_TRG_043
1.02779475285746,TRG_004_TRG_053
1.63719738640151,TRG_004_TRG_054
0.759643975676498,TRG_004_TRG_058
1.16788921792211,TRG_004_TRG_060
0.610081144929823,TRG_004_TRG_067
-0.600048120976305,TRG_004_TRG_068
-0.34365384275459,TRG_004_TRG_069
0.457808131084223,TRG_004_TRG_070
0.649684361209234,TRG_004_TRG_074
0.81859824289716,TRG_004_TRG_078
-0.31411978493446,TRG_004_TRG_085
1.48978104259595,TRG_004_TRG_086
-0.230859004203908,TRG_004_TRG_087
1.0042503607207,TRG_004_TRG_089
0.506924960101147,TRG_004_TRG_092
-0.46223307233739,TRG_004_TRG_093
0.206796415706503,TRG_004_TRG_094
0.375518071877928,TRG_004_TRG_097
-1.60944616471136,TRG_004_TRG_098
2.14060195596682,TRG_004_TRG_099
-0.684265181954736,TRG_004_TRG_103
1.07345395035182,TRG_007_TRG_010
-1.23609252473206,TRG_007_TRG_011
-1.33517277172083,TRG_007_TRG_014
-0.25652973468186,TRG_007_TRG_016
0.0805320997554598,TRG_007_TRG_017
0.741703967120319,TRG_007_TRG_020
-1.34115105995835,TRG_007_TRG_022
-1.6118193981064,TRG_007_TRG_023
-1.65737833613328,TRG_007_TRG_025
-0.49794433825433,TRG_007_TRG_033
-2.34941543796795,TRG_007_TRG_039
-0.666345238388167,TRG_007_TRG_040
-0.555247072117608,TRG_007_TRG_042
0.0962294227171868,TRG_007_TRG_043
-1.01158438803203,TRG_007_TRG_053
-0.446629691597239,TRG_007_TRG_054
-1.54064183730444,TRG_007_TRG_058
1.24450381483545,TRG_007_TRG_060
0.0493868402672361,TRG_007_TRG_067
-0.237848789649449,TRG_007_TRG_068
1.60106048107309,TRG_007_TRG_069
-1.06907549762743,TRG_007_TRG_070
1.0335283729979,TRG_007_TRG_074
-0.867133900236411,TRG_007_TRG_078
-1.41563746914347,TRG_007_TRG_085
-0.339653083535458,TRG_007_TRG_086
-0.25087939600167,TRG_007_TRG_087
0.307661820315559,TRG_007_TRG_089
1.77833653790834,TRG_007_TRG_092
-1.59783260305022,TRG_007_TRG_093
-1.18452302848905,TRG_007_TRG_094
-1.26797850773724,TRG_007_TRG_097
-0.935089844730261,TRG_007_TRG_098
-0.0596737071338269,TRG_007_TRG_099
1.88445382629318,TRG_007_TRG_103
1.62643397596593,TRG_010_TRG_011
1.02273611714764,TRG_010_TRG_014
-0.449323363542544,TRG_010_TRG_016
-0.922039132637107,TRG_010_TRG_017
0.143165818874782,TRG_010_TRG_020
-0.363712892462268,TRG_010_TRG_022
-2.21528850617533,TRG_010_TRG_023
-0.158977924489317,TRG_010_TRG_025
-0.47887667317191,TRG_010_TRG_033
-0.857336657250513,TRG_010_TRG_039
1.58699635505749,TRG_010_TRG_040
0.462237190842478,TRG_010_TRG_042
-1.83713570956827,TRG_010_TRG_043
0.664377576058108,TRG_010_TRG_053
0.866753952623972,TRG_010_TRG_054
0.291658762808758,TRG_010_TRG_058
0.486213222489123,TRG_010_TRG_060
0.722021266818533,TRG_010_TRG_067
0.655612472373514,TRG_010_TRG_068
0.673691964325475,TRG_010_TRG_069
-0.165461938673695,TRG_010_TRG_070
-0.0418243463080828,TRG_010_TRG_074
-0.577510469808748,TRG_010_TRG_078
-1.54682354357633,TRG_010_TRG_085
-0.629111850528594,TRG_010_TRG_086
-0.534456642481481,TRG_010_TRG_087
0.715757490891526,TRG_010_TRG_089
2.21612843035371,TRG_010_TRG_092
-0.387219664980297,TRG_010_TRG_093
1.68443513501385,TRG_010_TRG_094
0.54734834444698,TRG_010_TRG_097
-0.451568057972412,TRG_010_TRG_098
0.609195112179784,TRG_010_TRG_099
-0.247821151500878,TRG_010_TRG_103
1.93477637151882,TRG_011_TRG_014
0.0233073688907632,TRG_011_TRG_016
-0.384995615302489,TRG_011_TRG_017
-0.670551042555099,TRG_011_TRG_020
1.61968584797423,TRG_011_TRG_022
-0.327144623591148,TRG_011_TRG_023
0.649166071800657,TRG_011_TRG_025
0.572238998233207,TRG_011_TRG_033
-0.0887728127271002,TRG_011_TRG_039
0.0911274031496287,TRG_011_TRG_040
-1.07428090442575,TRG_011_TRG_042
-2.37469187347147,TRG_011_TRG_043
0.97470700888044,TRG_011_TRG_053
0.999830324099345,TRG_011_TRG_054
1.96967485193558,TRG_011_TRG_058
0.0730982335508235,TRG_011_TRG_060
1.79095539677041,TRG_011_TRG_067
-0.351353500272574,TRG_011_TRG_068
-0.652520751847669,TRG_011_TRG_069
1.49156971136331,TRG_011_TRG_070
-0.239760614198099,TRG_011_TRG_074
-1.0486198857828,TRG_011_TRG_078
-1.71354941452588,TRG_011_TRG_085
-0.0212357747542277,TRG_011_TRG_086
-0.836162870042334,TRG_011_TRG_087
1.36194537592047,TRG_011_TRG_089
0.874573797913069,TRG_011_TRG_092
-0.214894166646691,TRG_011_TRG_093
2.52249175033148,TRG_011_TRG_094
1.42845531240196,TRG_011_TRG_097
-0.178028436717805,TRG_011_TRG_098
1.05564309718135,TRG_011_TRG_099
-1.15691946703976,TRG_011_TRG_103
-0.964950912201429,TRG_014_TRG_016
-0.078594825705907,TRG_014_TRG_017
-1.29293300430236,TRG_014_TRG_020
0.0550444210578851,TRG_014_TRG_022
-1.00213830027932,TRG_014_TRG_023
1.17174916507766,TRG_014_TRG_025
0.246011288617572,TRG_014_TRG_033
-1.23550550422977,TRG_014_TRG_039
0.154116702610515,TRG_014_TRG_040
-0.95787406404775,TRG_014_TRG_042
-1.39120301865237,TRG_014_TRG_043
0.149217547928782,TRG_014_TRG_053
0.449821303475327,TRG_014_TRG_054
0.602332368632235,TRG_014_TRG_058
0.620157123114694,TRG_014_TRG_060
0.620941973755792,TRG_014_TRG_067
0.0831927614873867,TRG_014_TRG_068
-0.000153658343324521,TRG_014_TRG_069
0.215486300257051,TRG_014_TRG_070
1.21064199146639,TRG_014_TRG_074
-1.21324422426408,TRG_014_TRG_078
-0.409835164679679,TRG_014_TRG_085
-0.243575425235983,TRG_014_TRG_086
0.564463268050741,TRG_014_TRG_087
0.895708525124174,TRG_014_TRG_089
0.787879478080465,TRG_014_TRG_092
1.56839158348392,TRG_014_TRG_093
0.867888079650745,TRG_014_TRG_094
0.50767351736995,TRG_014_TRG_097
-0.469412783069608,TRG_014_TRG_098
-0.760733044095771,TRG_014_TRG_099
-0.718040638220595,TRG_014_TRG_103
-1.25867355315766,TRG_016_TRG_017
-0.206164312611386,TRG_016_TRG_020
-0.312279237010295,TRG_016_TRG_022
-2.25792032341371,TRG_016_TRG_023
-2.76319945695811,TRG_016_TRG_025
-1.40861039227026,TRG_016_TRG_033
-1.49997246713719,TRG_016_TRG_039
-0.728021126021036,TRG_016_TRG_040
1.8652889718619,TRG_016_TRG_042
-1.77725486193541,TRG_016_TRG_043
-1.84965712133918,TRG_016_TRG_053
-0.992177506709698,TRG_016_TRG_054
0.221062871511411,TRG_016_TRG_058
0.521104790437567,TRG_016_TRG_060
-0.466544664788481,TRG_016_TRG_067
-0.213276472185118,TRG_016_TRG_068
0.311784122647383,TRG_016_TRG_069
-0.036870428899596,TRG_016_TRG_070
-0.305975416428914,TRG_016_TRG_074
-0.218063104753981,TRG_016_TRG_078
-0.189616274745828,TRG_016_TRG_085
-1.7574402162468,TRG_016_TRG_086
-0.784016091383648,TRG_016_TRG_087
-2.11003442968784,TRG_016_TRG_089
-0.663437744263587,TRG_016_TRG_092
-2.41116454174684,TRG_016_TRG_093
0.319497437115355,TRG_016_TRG_094
-0.401006138428323,TRG_016_TRG_097
-2.43754020053087,TRG_016_TRG_098
-0.743691907132732,TRG_016_TRG_099
0.679459804255087,TRG_016_TRG_103
-1.18497466676082,TRG_017_TRG_020
-0.88521168056425,TRG_017_TRG_022
0.666769723391436,TRG_017_TRG_023
-1.05087857984764,TRG_017_TRG_025
-0.626490790848785,TRG_017_TRG_033
-2.02837415797171,TRG_017_TRG_039
0.189425271931439,TRG_017_TRG_040
-1.2920390329876,TRG_017_TRG_042
-0.95099013153932,TRG_017_TRG_043
-2.33096860386142,TRG_017_TRG_053
-0.611044389904473,TRG_017_TRG_054
0.317290129033114,TRG_017_TRG_058
1.6010135486679,TRG_017_TRG_060
-0.970008411200908,TRG_017_TRG_067
-1.05868515061544,TRG_017_TRG_068
1.19444555418539,TRG_017_TRG_069
1.64684320687246,TRG_017_TRG_070
1.57070156046797,TRG_017_TRG_074
-0.794588900740312,TRG_017_TRG_078
0.703348174607449,TRG_017_TRG_085
-1.12585930666717,TRG_017_TRG_086
-0.418301870657647,TRG_017_TRG_087
-0.645664890842589,TRG_017_TRG_089
0.447504078253287,TRG_017_TRG_092
0.820633732390489,TRG_017_TRG_093
0.567710860652402,TRG_017_TRG_094
-1.02072325888795,TRG_017_TRG_097
-1.97941648190748,TRG_017_TRG_098
-0.606270091994087,TRG_017_TRG_099
-0.695797876208168,TRG_017_TRG_103
-1.37309721125158,TRG_020_TRG_022
-0.708240317896414,TRG_020_TRG_023
-1.1979004812997,TRG_020_TRG_025
0.369713496188212,TRG_020_TRG_033
-1.60189704627574,TRG_020_TRG_039
1.00379269480815,TRG_020_TRG_040
0.8650130119443,TRG_020_TRG_042
0.70587544123699,TRG_020_TRG_043
-1.40118756448474,TRG_020_TRG_053
-0.350919786598294,TRG_020_TRG_054
0.109084416208207,TRG_020_TRG_058
-0.457067456332431,TRG_020_TRG_060
1.05638692869663,TRG_020_TRG_067
0.420900051573181,TRG_020_TRG_068
-0.65566895423367,TRG_020_TRG_069
-0.415995372973702,TRG_020_TRG_070
-0.597094754294235,TRG_020_TRG_074
-0.792805126050944,TRG_020_TRG_078
-2.35096941931634,TRG_020_TRG_085
-0.538828551549963,TRG_020_TRG_086
0.0388547398299637,TRG_020_TRG_087
-1.43239661507695,TRG_020_TRG_089
0.861829832029904,TRG_020_TRG_092
-0.697633794839058,TRG_020_TRG_093
0.586702930599313,TRG_020_TRG_094
-0.750503690307454,TRG_020_TRG_097
1.71991008216285,TRG_020_TRG_098
-0.934461387371026,TRG_020_TRG_099
0.31849053775889,TRG_020_TRG_103
-1.96948228049012,TRG_022_TRG_023
0.220745721949146,TRG_022_TRG_025
0.127529669319234,TRG_022_TRG_033
-1.2234869342836,TRG_022_TRG_039
-1.31452149522141,TRG_022_TRG_040
-0.71023152072007,TRG_022_TRG_042
-3.07204328373482,TRG_022_TRG_043
0.626947099448971,TRG_022_TRG_053
1.4420665341036,TRG_022_TRG_054
0.688905833046293,TRG_022_TRG_058
-0.339830987345771,TRG_022_TRG_060
0.738044227874687,TRG_022_TRG_067
-0.358929849930979,TRG_022_TRG_068
-1.35151628663167,TRG_022_TRG_069
-0.0726797011882394,TRG_022_TRG_070
-0.880856920959046,TRG_022_TRG_074
-0.657773806518455,TRG_022_TRG_078
-3.42353070022603,TRG_022_TRG_085
0.011876651397195,TRG_022_TRG_086
-1.07446299780179,TRG_022_TRG_087
0.415401710653641,TRG_022_TRG_089
0.413022281201614,TRG_022_TRG_092
-1.22863952698606,TRG_022_TRG_093
0.852556858450792,TRG_022_TRG_094
-0.458641385127075,TRG_022_TRG_097
-1.45289322175202,TRG_022_TRG_098
-0.47667865432923,TRG_022_TRG_099
-2.23398553345107,TRG_022_TRG_103
-0.502655024724797,TRG_023_TRG_025
-1.39561083059848,TRG_023_TRG_033
-3.14214391293699,TRG_023_TRG_039
-1.78036467790266,TRG_023_TRG_040
-1.1484919549072,TRG_023_TRG_042
-1.87703520827046,TRG_023_TRG_043
-1.79336803188446,TRG_023_TRG_053
-1.2203711799544,TRG_023_TRG_054
1.40758444283426,TRG_023_TRG_058
-0.424465825767316,TRG_023_TRG_060
-0.271124870121663,TRG_023_TRG_067
-1.32510500857071,TRG_023_TRG_068
-0.575438467630462,TRG_023_TRG_069
-0.236796749926217,TRG_023_TRG_070
0.0409800486821632,TRG_023_TRG_074
-1.57126623928833,TRG_023_TRG_078
-1.20968593244158,TRG_023_TRG_085
-0.655805897335491,TRG_023_TRG_086
-1.01612179252583,TRG_023_TRG_087
-0.953306717738132,TRG_023_TRG_089
-1.41481126953629,TRG_023_TRG_092
0.587646036193149,TRG_023_TRG_093
-0.11017608341836,TRG_023_TRG_094
-1.52465929278921,TRG_023_TRG_097
-2.19283911469272,TRG_023_TRG_098
-0.793139437732356,TRG_023_TRG_099
-1.38132295692221,TRG_023_TRG_103
1.43998876393447,TRG_025_TRG_033
1.5779992379032,TRG_025_TRG_039
-0.77785329340535,TRG_025_TRG_040
-0.0386786756936813,TRG_025_TRG_042
-1.28755511141045,TRG_025_TRG_043
-0.371619351264078,TRG_025_TRG_053
1.37234475244143,TRG_025_TRG_054
-1.11077026409959,TRG_025_TRG_058
0.719938349012504,TRG_025_TRG_060
0.979121516843771,TRG_025_TRG_067
1.81411154220781,TRG_025_TRG_068
0.754264237853016,TRG_025_TRG_069
-0.282809098801665,TRG_025_TRG_070
1.01316682033987,TRG_025_TRG_074
-0.478164987020441,TRG_025_TRG_078
-1.40753101664491,TRG_025_TRG_085
0.579662764676871,TRG_025_TRG_086
0.922455952404322,TRG_025_TRG_087
1.60311732441281,TRG_025_TRG_089
0.493180598165358,TRG_025_TRG_092
1.44130029247274,TRG_025_TRG_093
-0.536288045625331,TRG_025_TRG_094
-0.824724234503883,TRG_025_TRG_097
-1.30429834711495,TRG_025_TRG_098
-0.944354764646523,TRG_025_TRG_099
-1.59203852491172,TRG_025_TRG_103
0.0573276721196188,TRG_033_TRG_039
0.0527771396392737,TRG_033_TRG_040
-0.356438841157477,TRG_033_TRG_042
-0.204023025157908,TRG_033_TRG_043
0.780502993339183,TRG_033_TRG_053
1.82692807779368,TRG_033_TRG_054
-0.669609914385517,TRG_033_TRG_058
0.658025686762796,TRG_033_TRG_060
1.74888972945032,TRG_033_TRG_067
1.17065044592708,TRG_033_TRG_068
1.66633283380139,TRG_033_TRG_069
1.16638863535853,TRG_033_TRG_070
1.472261755889,TRG_033_TRG_074
-0.608444433707737,TRG_033_TRG_078
0.631293100811552,TRG_033_TRG_085
1.76905560226974,TRG_033_TRG_086
1.68731421849679,TRG_033_TRG_087
2.50060682641384,TRG_033_TRG_089
1.22966434960691,TRG_033_TRG_092
0.422593552382953,TRG_033_TRG_093
0.809827315066567,TRG_033_TRG_094
0.221362995104495,TRG_033_TRG_097
0.645453711669111,TRG_033_TRG_098
-0.011003995063729,TRG_033_TRG_099
-0.197925786146855,TRG_033_TRG_103
-2.72295917198023,TRG_039_TRG_040
0.543972196445691,TRG_039_TRG_042
-1.2606607240937,TRG_039_TRG_043
-0.534195205342866,TRG_039_TRG_053
-0.265142320353629,TRG_039_TRG_054
-2.09240666960054,TRG_039_TRG_058
-1.07628455374625,TRG_039_TRG_060
0.124251787867472,TRG_039_TRG_067
1.42908046185072,TRG_039_TRG_068
-1.04495100594099,TRG_039_TRG_069
0.295589713205728,TRG_039_TRG_070
-0.957344709308492,TRG_039_TRG_074
-0.0868030196390478,TRG_039_TRG_078
-1.18962667693858,TRG_039_TRG_085
-0.40498515101853,TRG_039_TRG_086
0.658705997632441,TRG_039_TRG_087
-0.15219396669727,TRG_039_TRG_089
-1.12390646563999,TRG_039_TRG_092
-0.668579931099154,TRG_039_TRG_093
-0.418783742268601,TRG_039_TRG_094
-1.68083419986893,TRG_039_TRG_097
-0.847640854098417,TRG_039_TRG_098
-1.91254679968169,TRG_039_TRG_099
-1.7363054299285,TRG_039_TRG_103
0.0371132611423173,TRG_040_TRG_042
-0.00444821674851946,TRG_040_TRG_043
-2.00847662602245,TRG_040_TRG_053
1.19788052278885,TRG_040_TRG_054
-1.01072821081897,TRG_040_TRG_058
-0.0788753658052401,TRG_040_TRG_060
-0.756413662535704,TRG_040_TRG_067
0.311728836506526,TRG_040_TRG_068
-0.0291227046211113,TRG_040_TRG_069
-0.973554522685195,TRG_040_TRG_070
-0.505451396917636,TRG_040_TRG_074
-0.438478470616748,TRG_040_TRG_078
-0.932726842239577,TRG_040_TRG_085
-1.71355015172373,TRG_040_TRG_086
0.294084907718079,TRG_040_TRG_087
-0.263580713523022,TRG_040_TRG_089
1.46757344575385,TRG_040_TRG_092
0.256245229708778,TRG_040_TRG_093
0.414251640504671,TRG_040_TRG_094
0.427456916110684,TRG_040_TRG_097
-1.95807183310322,TRG_040_TRG_098
0.545264677542766,TRG_040_TRG_099
0.670199960178358,TRG_040_TRG_103
-1.27565399758724,TRG_042_TRG_043
-1.46503059587764,TRG_042_TRG_053
0.839658350174146,TRG_042_TRG_054
-0.323701355103772,TRG_042_TRG_058
0.675377114463173,TRG_042_TRG_060
-0.624258111871614,TRG_042_TRG_067
1.94407266473073,TRG_042_TRG_068
0.222467599777733,TRG_042_TRG_069
-1.18394348403176,TRG_042_TRG_070
-0.204398608478548,TRG_042_TRG_074
0.477241564464467,TRG_042_TRG_078
-1.01679494609046,TRG_042_TRG_085
-0.454028467534451,TRG_042_TRG_086
0.853517429981986,TRG_042_TRG_087
-0.655672207202159,TRG_042_TRG_089
0.479175347418924,TRG_042_TRG_092
-1.06751829715752,TRG_042_TRG_093
-0.167118108030446,TRG_042_TRG_094
-1.34427032050007,TRG_042_TRG_097
-1.07719251063164,TRG_042_TRG_098
-1.78729379201819,TRG_042_TRG_099
0.194124683398767,TRG_042_TRG_103
-2.48441525926283,TRG_043_TRG_053
-1.83589887681094,TRG_043_TRG_054
-1.51799784818209,TRG_043_TRG_058
0.315353268990556,TRG_043_TRG_060
-1.13224697951707,TRG_043_TRG_067
-0.682498550084567,TRG_043_TRG_068
-0.533375868332496,TRG_043_TRG_069
-1.06543671440403,TRG_043_TRG_070
-0.268204260826495,TRG_043_TRG_074
-0.787198005650388,TRG_043_TRG_078
-0.121810898604649,TRG_043_TRG_085
0.420548906146174,TRG_043_TRG_086
-0.159150733550939,TRG_043_TRG_087
-0.340689380030155,TRG_043_TRG_089
-0.0770643573321281,TRG_043_TRG_092
-1.2848837227808,TRG_043_TRG_093
-1.98426957669801,TRG_043_TRG_094
-0.468590503341562,TRG_043_TRG_097
0.035963891078463,TRG_043_TRG_098
-0.563236268216883,TRG_043_TRG_099
-1.33599121264513,TRG_043_TRG_103
0.548511560230564,TRG_053_TRG_054
-0.295145302501488,TRG_053_TRG_058
-0.0927753278692814,TRG_053_TRG_060
0.596486006254142,TRG_053_TRG_067
-0.664935969342374,TRG_053_TRG_068
-1.21464838272681,TRG_053_TRG_069
-0.104205654313517,TRG_053_TRG_070
0.252806899903843,TRG_053_TRG_074
-1.40096833425571,TRG_053_TRG_078
-1.26053924818488,TRG_053_TRG_085
0.259627666567509,TRG_053_TRG_086
-0.758649232222838,TRG_053_TRG_087
-0.339600305787488,TRG_053_TRG_089
-0.80273994217049,TRG_053_TRG_092
0.208821534808708,TRG_053_TRG_093
0.902215660937937,TRG_053_TRG_094
0.72468358421284,TRG_053_TRG_097
-1.05512797254698,TRG_053_TRG_098
0.823546863175512,TRG_053_TRG_099
-1.536731176884,TRG_053_TRG_103
0.0523907233877599,TRG_054_TRG_058
0.7927885992661,TRG_054_TRG_060
0.104262685930948,TRG_054_TRG_067
1.7626670455341,TRG_054_TRG_068
1.35693139149962,TRG_054_TRG_069
-0.398145019332216,TRG_054_TRG_070
0.758159645431571,TRG_054_TRG_074
0.0622399648734587,TRG_054_TRG_078
-0.907809533448601,TRG_054_TRG_085
0.944949734307468,TRG_054_TRG_086
1.05336936050225,TRG_054_TRG_087
1.98755254712073,TRG_054_TRG_089
2.13374177733341,TRG_054_TRG_092
0.667079827140118,TRG_054_TRG_093
0.253244151476144,TRG_054_TRG_094
-0.6657707384384,TRG_054_TRG_097
-1.44210892350982,TRG_054_TRG_098
0.232207924452222,TRG_054_TRG_099
0.370947830202898,TRG_054_TRG_103
0.670882056245749,TRG_058_TRG_060
1.36330242473749,TRG_058_TRG_067
-1.04171361397015,TRG_058_TRG_068
-1.39054258849693,TRG_058_TRG_069
1.80502827540283,TRG_058_TRG_070
-0.188395170071995,TRG_058_TRG_074
-1.65292790130561,TRG_058_TRG_078
-1.39843127184753,TRG_058_TRG_085
-0.694603319924607,TRG_058_TRG_086
-0.984213119530086,TRG_058_TRG_087
0.730782712045232,TRG_058_TRG_089
0.161149479657602,TRG_058_TRG_092
-0.139692024310583,TRG_058_TRG_093
2.02220246793291,TRG_058_TRG_094
0.182893678523377,TRG_058_TRG_097
0.0751092659122669,TRG_058_TRG_098
-0.0580600917647856,TRG_058_TRG_099
-1.56245477424739,TRG_058_TRG_103
-0.212703557200258,TRG_060_TRG_067
1.39171567564564,TRG_060_TRG_068
2.24627378119226,TRG_060_TRG_069
1.03940911874503,TRG_060_TRG_070
2.47015418126065,TRG_060_TRG_074
-0.293080688173324,TRG_060_TRG_078
-0.132928886751244,TRG_060_TRG_085
0.467350119047126,TRG_060_TRG_086
1.20047912617024,TRG_060_TRG_087
0.839243874745801,TRG_060_TRG_089
1.69861929207361,TRG_060_TRG_092
0.918882110676938,TRG_060_TRG_093
1.05644232710278,TRG_060_TRG_094
-0.0176820154965216,TRG_060_TRG_097
-2.10770209986189,TRG_060_TRG_098
0.950934051394977,TRG_060_TRG_099
-0.0774664971606952,TRG_060_TRG_103
0.571224912243514,TRG_067_TRG_068
-0.284080049475179,TRG_067_TRG_069
1.62114475914569,TRG_067_TRG_070
0.400998368281725,TRG_067_TRG_074
-0.833692654577823,TRG_067_TRG_078
-1.69388349946633,TRG_067_TRG_085
1.32829722127754,TRG_067_TRG_086
0.613653965255648,TRG_067_TRG_087
0.560943163068196,TRG_067_TRG_089
1.07474559890175,TRG_067_TRG_092
-0.225830819504532,TRG_067_TRG_093
1.92267058689448,TRG_067_TRG_094
0.741899120561505,TRG_067_TRG_097
1.7703651976152,TRG_067_TRG_098
0.329886772830731,TRG_067_TRG_099
-0.767864078335328,TRG_067_TRG_103
1.09201503413292,TRG_068_TRG_069
-0.656685177104623,TRG_068_TRG_070
0.961244298197848,TRG_068_TRG_074
-0.728957803812314,TRG_068_TRG_078
-1.74084169938938,TRG_068_TRG_085
0.470247796103947,TRG_068_TRG_086
1.94184690548873,TRG_068_TRG_087
1.07201043727528,TRG_068_TRG_089
1.7432050713047,TRG_068_TRG_092
0.975345480971552,TRG_068_TRG_093
-0.674916402732765,TRG_068_TRG_094
-1.10122918815189,TRG_068_TRG_097
-0.0686418958048142,TRG_068_TRG_098
-1.45451731514361,TRG_068_TRG_099
-0.730885086830143,TRG_068_TRG_103
-0.246200605792264,TRG_069_TRG_070
2.44776227244533,TRG_069_TRG_074
-0.0535568664893031,TRG_069_TRG_078
0.832761876530865,TRG_069_TRG_085
0.634774792692731,TRG_069_TRG_086
0.330086111261011,TRG_069_TRG_087
1.95370980831215,TRG_069_TRG_089
1.8572396763889,TRG_069_TRG_092
0.0670733408426101,TRG_069_TRG_093
-0.811595609819592,TRG_069_TRG_094
-1.65141707918411,TRG_069_TRG_097
-2.06644774723633,TRG_069_TRG_098
-0.724700571141807,TRG_069_TRG_099
1.50457465522061,TRG_069_TRG_103
0.910656820319823,TRG_070_TRG_074
0.0293561899436538,TRG_070_TRG_078
0.157511095909124,TRG_070_TRG_085
1.17231035412189,TRG_070_TRG_086
0.169062573944759,TRG_070_TRG_087
0.644336810044561,TRG_070_TRG_089
-0.528189559918938,TRG_070_TRG_092
-0.190223350078584,TRG_070_TRG_093
1.97306514600547,TRG_070_TRG_094
0.411681896526918,TRG_070_TRG_097
0.386189587855875,TRG_070_TRG_098
0.648857807043176,TRG_070_TRG_099
-1.1851631931829,TRG_070_TRG_103
-0.812788251442611,TRG_074_TRG_078
0.840237434327483,TRG_074_TRG_085
0.603823076911622,TRG_074_TRG_086
0.787592773308873,TRG_074_TRG_087
1.33281530371266,TRG_074_TRG_089
1.29853623182849,TRG_074_TRG_092
1.06896922727025,TRG_074_TRG_093
0.63577562093783,TRG_074_TRG_094
-0.986762154607076,TRG_074_TRG_097
-2.0201642286703,TRG_074_TRG_098
0.125725603817478,TRG_074_TRG_099
-0.044451745897552,TRG_074_TRG_103
0.0552970984128121,TRG_078_TRG_085
0.66310145705866,TRG_078_TRG_086
-0.301192118159917,TRG_078_TRG_087
-1.59539685284906,TRG_078_TRG_089
0.00839205584326024,TRG_078_TRG_092
-1.73431904739981,TRG_078_TRG_093
-0.144641736216242,TRG_078_TRG_094
-1.35664543899727,TRG_078_TRG_097
-1.7223175984161,TRG_078_TRG_098
-0.332771007611259,TRG_078_TRG_099
-0.42978214440902,TRG_078_TRG_103
-0.147978125273213,TRG_085_TRG_086
-0.351308125648266,TRG_085_TRG_087
0.140209024458767,TRG_085_TRG_089
-0.337411537034773,TRG_085_TRG_092
-0.911036018894267,TRG_085_TRG_093
-1.4925276639543,TRG_085_TRG_094
-1.78468522421928,TRG_085_TRG_097
-2.17407357629101,TRG_085_TRG_098
-0.361736763513916,TRG_085_TRG_099
-1.67350800222596,TRG_085_TRG_103
0.709209255892828,TRG_086_TRG_087
1.09245081601403,TRG_086_TRG_089
0.711448266746117,TRG_086_TRG_092
0.250683657116169,TRG_086_TRG_093
0.329455408721292,TRG_086_TRG_094
0.0870056395162661,TRG_086_TRG_097
0.30987883565118,TRG_086_TRG_098
0.226505419887224,TRG_086_TRG_099
-0.598279180970563,TRG_086_TRG_103
1.4116558609917,TRG_087_TRG_089
1.08239506928393,TRG_087_TRG_092
0.354263666862483,TRG_087_TRG_093
0.241135852764101,TRG_087_TRG_094
0.0239466568640946,TRG_087_TRG_097
0.351080195719267,TRG_087_TRG_098
0.00387301427003446,TRG_087_TRG_099
-1.29772520077719,TRG_087_TRG_103
1.55755248771872,TRG_089_TRG_092
0.00105185051885911,TRG_089_TRG_093
-0.0594080946132239,TRG_089_TRG_094
-0.223599338748418,TRG_089_TRG_097
-1.51298306414138,TRG_089_TRG_098
0.31649166101278,TRG_089_TRG_099
0.158044919961441,TRG_089_TRG_103
0.470375016978753,TRG_092_TRG_093
0.842803889028796,TRG_092_TRG_094
-0.0206832866512936,TRG_092_TRG_097
-0.362410929837245,TRG_092_TRG_098
-0.456429184576554,TRG_092_TRG_099
1.0635010008779,TRG_092_TRG_103
0.0820191113086671,TRG_093_TRG_094
0.0551389329046968,TRG_093_TRG_097
-1.49253820823599,TRG_093_TRG_098
-0.74756919170541,TRG_093_TRG_099
-1.47781371313543,TRG_093_TRG_103
1.53672748838141,TRG_094_TRG_097
0.729236196589266,TRG_094_TRG_098
1.01525504470462,TRG_094_TRG_099
-1.04830743609056,TRG_094_TRG_103
-0.951586405623259,TRG_097_TRG_098
1.73640313881365,TRG_097_TRG_099
-1.55231549081259,TRG_097_TRG_103
-2.42356921133112,TRG_098_TRG_099
-2.49181040759081,TRG_098_TRG_103
-0.876776793516635,TRG_099_TRG_103
