-3.10876231949759,TRG_003_TRG_005
-0.0302094664987612,TRG_003_TRG_006
-0.182299252855135,TRG_003_TRG_013
-0.8430501723932,TRG_003_TRG_018
0.1569484720085,TRG_003_TRG_019
-0.520123261886495,TRG_003_TRG_021
-1.43836140358196,TRG_003_TRG_024
-1.67513159515046,TRG_003_TRG_026
0.821131346644604,TRG_003_TRG_027
-1.03396121951843,TRG_003_TRG_032
0.727492020810357,TRG_003_TRG_034
-0.218788522142971,TRG_003_TRG_035
0.585605107607925,TRG_003_TRG_037
-0.0247362880245037,TRG_003_TRG_038
-0.962260826682137,TRG_003_TRG_045
-3.75924248812229e-05,TRG_003_TRG_046
0.636818055869186,TRG_003_TRG_047
0.0264310021713433,TRG_003_TRG_051
0.860409124320325,TRG_003_TRG_055
-0.18579820401305,TRG_003_TRG_057
-0.545794580413796,TRG_003_TRG_059
-1.08859665769814,TRG_003_TRG_063
-0.348883175721304,TRG_003_TRG_064
-0.730967805395516,TRG_003_TRG_065
0.0836684560848517,TRG_003_TRG_066
-0.247790819513633,TRG_003_TRG_072
0.0978417819806703,TRG_003_TRG_073
0.703995906668958,TRG_003_TRG_075
0.373582376767234,TRG_003_TRG_077
-1.70495775058353,TRG_003_TRG_083
0.415548145356202,TRG_003_TRG_088
-1.06507365468268,TRG_003_TRG_090
1.09287726916531,TRG_003_TRG_095
0.566034972445482,TRG_003_TRG_101
-1.9494308399051,TRG_005_TRG_006
-1.83669252489278,TRG_005_TRG_013
-1.9715176006481,TRG_005_TRG_018
-2.44160313188552,TRG_005_TRG_019
-0.803766656425078,TRG_005_TRG_021
-0.364269327031866,TRG_005_TRG_024
-4.07418548773344,TRG_005_TRG_026
-1.36343773397702,TRG_005_TRG_027
-1.85681266837791,TRG_005_TRG_032
-1.72852919716851,TRG_005_TRG_034
-2.36561102577695,TRG_005_TRG_035
-1.21083080383429,TRG_005_TRG_037
-2.02514834824664,TRG_005_TRG_038
-1.94180756615832,TRG_005_TRG_045
-1.85651286827722,TRG_005_TRG_046
-0.427129660019114,TRG_005_TRG_047
-2.85825504398728,TRG_005_TRG_051
-2.19183777874129,TRG_005_TRG_055
-2.32341943016293,TRG_005_TRG_057
-1.2744338859649,TRG_005_TRG_059
-2.97504384366596,TRG_005_TRG_063
-1.04235749677491,TRG_005_TRG_064
-1.87739074429151,TRG_005_TRG_065
-1.93111306117612,TRG_005_TRG_066
-2.2083498471156,TRG_005_TRG_072
-2.09008414463873,TRG_005_TRG_073
-1.39568935519056,TRG_005_TRG_075
-1.29539190493733,TRG_005_TRG_077
-1.85691730281905,TRG_005_TRG_083
-2.06397678793768,TRG_005_TRG_088
-1.30637699135666,TRG_005_TRG_090
-2.62820799550956,TRG_005_TRG_095
-0.0168867112366069,TRG_005_TRG_101
0.670189766114408,TRG_006_TRG_013
0.782529586841287,TRG_006_TRG_018
1.06206872416311,TRG_006_TRG_019
0.694056615155052,TRG_006_TRG_021
-0.418394232500105,TRG_006_TRG_024
-0.507870483865868,TRG_006_TRG_026
0.702002270440879,TRG_006_TRG_027
-1.00632346147869,TRG_006_TRG_032
0.77299076654437,TRG_006_TRG_034
1.26699473934729,TRG_006_TRG_035
0.986055879411928,TRG_006_TRG_037
-0.364148407509149,TRG_006_TRG_038
0.107910843118507,TRG_006_TRG_045
0.275285371076387,TRG_006_TRG_046
0.0298434640591099,TRG_006_TRG_047
-0.0364282814847674,TRG_006_TRG_051
0.956390269773842,TRG_006_TRG_055
1.041822994298,TRG_006_TRG_057
0.614509195952802,TRG_006_TRG_059
0.376315719500635,TRG_006_TRG_063
-0.218056503028608,TRG_006_TRG_064
-0.275919274606203,TRG_006_TRG_065
0.73345659475177,TRG_006_TRG_066
0.654810073257556,TRG_006_TRG_072
0.405036818684145,TRG_006_TRG_073
1.57065212051976,TRG_006_TRG_075
1.1062165865724,TRG_006_TRG_077
-0.866603195851475,TRG_006_TRG_083
0.60808486813662,TRG_006_TRG_088
0.135627890386104,TRG_006_TRG_090
0.0971630094887087,TRG_006_TRG_095
-0.526366012056906,TRG_006_TRG_101
0.188573887154735,TRG_013_TRG_018
0.515978357892144,TRG_013_TRG_019
0.425382927302141,TRG_013_TRG_021
-0.261438353129664,TRG_013_TRG_024
-0.788882353358746,TRG_013_TRG_026
0.125857664379744,TRG_013_TRG_027
-1.40742553279514,TRG_013_TRG_032
1.07714713076947,TRG_013_TRG_034
0.734378826892974,TRG_013_TRG_035
0.933406154503085,TRG_013_TRG_037
-0.61649659461393,TRG_013_TRG_038
-1.7063401221466,TRG_013_TRG_045
0.275427922356579,TRG_013_TRG_046
1.53878088401465,TRG_013_TRG_047
-0.00968230862567153,TRG_013_TRG_051
1.19053609019053,TRG_013_TRG_055
1.71768344594968,TRG_013_TRG_057
1.14973772450353,TRG_013_TRG_059
0.54353875066403,TRG_013_TRG_063
1.53552620754801,TRG_013_TRG_064
-0.590984854051666,TRG_013_TRG_065
1.51828732217108,TRG_013_TRG_066
0.17218055472932,TRG_013_TRG_072
0.256980346378726,TRG_013_TRG_073
0.726673402847518,TRG_013_TRG_075
0.875517276563294,TRG_013_TRG_077
-0.961714127891919,TRG_013_TRG_083
1.23291260881638,TRG_013_TRG_088
1.06693048345673,TRG_013_TRG_090
0.716770953275653,TRG_013_TRG_095
1.00401767583005,TRG_013_TRG_101
0.732672468043442,TRG_018_TRG_019
0.983332758587796,TRG_018_TRG_021
-0.88900153626422,TRG_018_TRG_024
-1.67511597984903,TRG_018_TRG_026
0.300059850074459,TRG_018_TRG_027
-1.88505911102168,TRG_018_TRG_032
-0.71949075431264,TRG_018_TRG_034
0.118252173475313,TRG_018_TRG_035
0.46694643670765,TRG_018_TRG_037
-0.94630194451479,TRG_018_TRG_038
-0.97295358630699,TRG_018_TRG_045
1.06197735569339,TRG_018_TRG_046
-0.0300060651706211,TRG_018_TRG_047
0.0368779988362325,TRG_018_TRG_051
0.680689296067618,TRG_018_TRG_055
0.631505915848888,TRG_018_TRG_057
0.463670317855848,TRG_018_TRG_059
-0.539565736185857,TRG_018_TRG_063
0.919786365452943,TRG_018_TRG_064
0.165581089450243,TRG_018_TRG_065
0.767124994156455,TRG_018_TRG_066
-0.13635141083344,TRG_018_TRG_072
-0.14279667634247,TRG_018_TRG_073
0.92339976689901,TRG_018_TRG_075
0.37588128206161,TRG_018_TRG_077
-0.52911492480613,TRG_018_TRG_083
0.750151242708571,TRG_018_TRG_088
0.786801502149996,TRG_018_TRG_090
-0.732506114264924,TRG_018_TRG_095
-1.32906492936284,TRG_018_TRG_101
1.38020236428739,TRG_019_TRG_021
-0.220743173961367,TRG_019_TRG_024
-2.07284090043253,TRG_019_TRG_026
0.439805081756422,TRG_019_TRG_027
-1.36561139128877,TRG_019_TRG_032
0.923117815883604,TRG_019_TRG_034
-0.0045403642373715,TRG_019_TRG_035
1.17762762884159,TRG_019_TRG_037
0.615729465716034,TRG_019_TRG_038
-1.11938546895679,TRG_019_TRG_045
0.188784654720219,TRG_019_TRG_046
-0.276647038672057,TRG_019_TRG_047
-0.301793917430089,TRG_019_TRG_051
1.12403190403856,TRG_019_TRG_055
0.980514145573472,TRG_019_TRG_057
0.0581492923888494,TRG_019_TRG_059
-0.786896446539685,TRG_019_TRG_063
-0.0316286835820362,TRG_019_TRG_064
0.0255167882967176,TRG_019_TRG_065
0.910746800143917,TRG_019_TRG_066
0.185586583161108,TRG_019_TRG_072
0.886690813023322,TRG_019_TRG_073
1.44641693222993,TRG_019_TRG_075
-0.19876849756106,TRG_019_TRG_077
-0.87200945607646,TRG_019_TRG_083
0.495041758398442,TRG_019_TRG_088
0.368042420026872,TRG_019_TRG_090
-1.04631261949316,TRG_019_TRG_095
-0.132199005075184,TRG_019_TRG_101
-0.203944318339066,TRG_021_TRG_024
-1.96274052133053,TRG_021_TRG_026
0.375361712244213,TRG_021_TRG_027
-0.459145738954488,TRG_021_TRG_032
-0.0700213403479114,TRG_021_TRG_034
-0.413672926507353,TRG_021_TRG_035
1.66673796007904,TRG_021_TRG_037
0.361701380292701,TRG_021_TRG_038
-1.11667910034787,TRG_021_TRG_045
-0.182240386862447,TRG_021_TRG_046
-0.392515708281303,TRG_021_TRG_047
0.384156479187331,TRG_021_TRG_051
1.09060336860208,TRG_021_TRG_055
0.871223339294247,TRG_021_TRG_057
0.0331358615488185,TRG_021_TRG_059
-0.515716838742693,TRG_021_TRG_063
0.434317109813695,TRG_021_TRG_064
0.526245094905181,TRG_021_TRG_065
0.682985863999578,TRG_021_TRG_066
0.155156207079435,TRG_021_TRG_072
0.998104767970143,TRG_021_TRG_073
1.65790470841287,TRG_021_TRG_075
1.02746495773133,TRG_021_TRG_077
-0.306009034726831,TRG_021_TRG_083
0.863701345977211,TRG_021_TRG_088
1.43285002495549,TRG_021_TRG_090
-0.620699203672955,TRG_021_TRG_095
-0.585461639669957,TRG_021_TRG_101
-1.45448464015714,TRG_024_TRG_026
-0.561443235407893,TRG_024_TRG_027
-0.232747252117281,TRG_024_TRG_032
-0.720256378205209,TRG_024_TRG_034
-0.53346642147463,TRG_024_TRG_035
0.349744061508735,TRG_024_TRG_037
-0.572493706458576,TRG_024_TRG_038
-1.25530391491073,TRG_024_TRG_045
-0.938615088353044,TRG_024_TRG_046
0.431112483173141,TRG_024_TRG_047
-0.845392534773207,TRG_024_TRG_051
-0.458690115566895,TRG_024_TRG_055
-1.15052313610176,TRG_024_TRG_057
0.322741989565499,TRG_024_TRG_059
-2.14677370119586,TRG_024_TRG_063
0.0920613759195923,TRG_024_TRG_064
-1.34825538722759,TRG_024_TRG_065
-0.212174794639338,TRG_024_TRG_066
-0.706462242104901,TRG_024_TRG_072
-0.226721142831168,TRG_024_TRG_073
-0.27079702999163,TRG_024_TRG_075
-0.698787719332604,TRG_024_TRG_077
-1.66712642940002,TRG_024_TRG_083
-0.702350273120257,TRG_024_TRG_088
-0.696324918632048,TRG_024_TRG_090
-1.14977745421289,TRG_024_TRG_095
-0.300000423001768,TRG_024_TRG_101
-0.65505225277969,TRG_026_TRG_027
-1.67343439931858,TRG_026_TRG_032
-0.249591883209162,TRG_026_TRG_034
-1.49310361519553,TRG_026_TRG_035
-1.22550584006919,TRG_026_TRG_037
-1.61565659933646,TRG_026_TRG_038
-1.23410956732952,TRG_026_TRG_045
-1.2800958898629,TRG_026_TRG_046
-2.08312555892854,TRG_026_TRG_047
-0.923096279057507,TRG_026_TRG_051
-0.375921893517936,TRG_026_TRG_055
-1.63247432843995,TRG_026_TRG_057
-1.19898307456667,TRG_026_TRG_059
0.540806676285434,TRG_026_TRG_063
-1.82885797467104,TRG_026_TRG_064
-2.4929590975447,TRG_026_TRG_065
-0.926726646933561,TRG_026_TRG_066
-1.67654873617836,TRG_026_TRG_072
-0.735681189920649,TRG_026_TRG_073
-1.21246905704162,TRG_026_TRG_075
-0.418929085243267,TRG_026_TRG_077
-2.78314805425182,TRG_026_TRG_083
-1.60958610772064,TRG_026_TRG_088
-2.2116506576646,TRG_026_TRG_090
0.00689033595811718,TRG_026_TRG_095
-0.980566656529317,TRG_026_TRG_101
-0.130221475333778,TRG_027_TRG_032
0.445713255840114,TRG_027_TRG_034
0.399448702256275,TRG_027_TRG_035
0.372310949673839,TRG_027_TRG_037
0.295826226308081,TRG_027_TRG_038
0.0598735734362979,TRG_027_TRG_045
0.645261249370432,TRG_027_TRG_046
-0.427031346967068,TRG_027_TRG_047
0.714568989213724,TRG_027_TRG_051
0.774533799232507,TRG_027_TRG_055
0.140687108420375,TRG_027_TRG_057
1.70089812424159,TRG_027_TRG_059
0.315973819519951,TRG_027_TRG_063
0.379980080900062,TRG_027_TRG_064
0.417664946281788,TRG_027_TRG_065
0.620991156549935,TRG_027_TRG_066
-0.335169983634941,TRG_027_TRG_072
0.807912465501371,TRG_027_TRG_073
1.08363068284188,TRG_027_TRG_075
0.745932258962387,TRG_027_TRG_077
0.436930222407283,TRG_027_TRG_083
0.632027782390824,TRG_027_TRG_088
-0.270671889087199,TRG_027_TRG_090
-0.0398809367620472,TRG_027_TRG_095
-0.844565391655213,TRG_027_TRG_101
-0.453170845993717,TRG_032_TRG_034
-1.38299609357715,TRG_032_TRG_035
-0.619066521583445,TRG_032_TRG_037
-0.947732205381616,TRG_032_TRG_038
-1.0301914508452,TRG_032_TRG_045
-1.2163725479422,TRG_032_TRG_046
-1.77624540187223,TRG_032_TRG_047
-1.45875109630255,TRG_032_TRG_051
-0.723697116024958,TRG_032_TRG_055
-0.457612775895065,TRG_032_TRG_057
-0.34023626701334,TRG_032_TRG_059
-1.7824776632394,TRG_032_TRG_063
-1.7009513402293,TRG_032_TRG_064
-1.22803440986929,TRG_032_TRG_065
-1.75161714910192,TRG_032_TRG_066
-1.53524372105881,TRG_032_TRG_072
-0.763124502447433,TRG_032_TRG_073
-0.702114542704866,TRG_032_TRG_075
-1.29194000231756,TRG_032_TRG_077
0.0647116062822276,TRG_032_TRG_083
-1.20629145734749,TRG_032_TRG_088
-1.40927441630206,TRG_032_TRG_090
-2.22022195465128,TRG_032_TRG_095
-1.74848079399465,TRG_032_TRG_101
-0.403218836107135,TRG_034_TRG_035
0.591530743875879,TRG_034_TRG_037
0.0047637971763372,TRG_034_TRG_038
-1.23460502314924,TRG_034_TRG_045
-0.446653793713804,TRG_034_TRG_046
1.13604434677295,TRG_034_TRG_047
-0.836779384825306,TRG_034_TRG_051
0.968400974577014,TRG_034_TRG_055
0.449244225338845,TRG_034_TRG_057
0.555538424175556,TRG_034_TRG_059
0.158415363850662,TRG_034_TRG_063
0.184027790036499,TRG_034_TRG_064
-0.349670209721816,TRG_034_TRG_065
0.717935616644103,TRG_034_TRG_066
-0.182813457715092,TRG_034_TRG_072
-0.166535356747015,TRG_034_TRG_073
0.905308052970269,TRG_034_TRG_075
0.825678122605793,TRG_034_TRG_077
-0.92001515342316,TRG_034_TRG_083
0.0472184244822821,TRG_034_TRG_088
0.395182650917368,TRG_034_TRG_090
-0.987602635940756,TRG_034_TRG_095
0.546257989377372,TRG_034_TRG_101
0.585716303820602,TRG_035_TRG_037
-0.260068641193422,TRG_035_TRG_038
-1.12195845132419,TRG_035_TRG_045
0.869641777879556,TRG_035_TRG_046
-0.201872555795968,TRG_035_TRG_047
-0.152694834279024,TRG_035_TRG_051
1.00755494174645,TRG_035_TRG_055
0.383359850359984,TRG_035_TRG_057
0.419202809972779,TRG_035_TRG_059
-0.247989390719153,TRG_035_TRG_063
0.761875004301327,TRG_035_TRG_064
0.0959018068918762,TRG_035_TRG_065
0.136910193696083,TRG_035_TRG_066
0.611197585125489,TRG_035_TRG_072
-0.475046258277857,TRG_035_TRG_073
0.886555707896573,TRG_035_TRG_075
0.691851937320024,TRG_035_TRG_077
-0.586058340801379,TRG_035_TRG_083
0.74444833694398,TRG_035_TRG_088
-0.502983512935907,TRG_035_TRG_090
-0.431888241531756,TRG_035_TRG_095
0.0316791825060373,TRG_035_TRG_101
0.301317839419058,TRG_037_TRG_038
-1.13758007110161,TRG_037_TRG_045
0.868856809198853,TRG_037_TRG_046
0.293183613667715,TRG_037_TRG_047
0.42359327681179,TRG_037_TRG_051
1.37983613440204,TRG_037_TRG_055
1.12598852626579,TRG_037_TRG_057
0.427658472368974,TRG_037_TRG_059
-0.628767352757234,TRG_037_TRG_063
0.655887303070814,TRG_037_TRG_064
0.206566766283528,TRG_037_TRG_065
1.0049032394371,TRG_037_TRG_066
1.3902131985059,TRG_037_TRG_072
0.467593928213361,TRG_037_TRG_073
1.5395314709263,TRG_037_TRG_075
1.50539241923459,TRG_037_TRG_077
-0.883603919674789,TRG_037_TRG_083
1.89293463312656,TRG_037_TRG_088
1.13699625284247,TRG_037_TRG_090
0.296516275602149,TRG_037_TRG_095
-0.0955761203296467,TRG_037_TRG_101
-0.538896955439133,TRG_038_TRG_045
-0.309484842916295,TRG_038_TRG_046
-0.451323777500048,TRG_038_TRG_047
-0.784471352028218,TRG_038_TRG_051
-0.216970546632198,TRG_038_TRG_055
0.331491618726291,TRG_038_TRG_057
0.0749169554173125,TRG_038_TRG_059
-0.460283403713931,TRG_038_TRG_063
0.424535353320311,TRG_038_TRG_064
-0.484638942524681,TRG_038_TRG_065
-0.0448504248158639,TRG_038_TRG_066
0.0994843709268797,TRG_038_TRG_072
1.2460277178101,TRG_038_TRG_073
0.536108436125882,TRG_038_TRG_075
-0.411470849139748,TRG_038_TRG_077
0.00418226618911126,TRG_038_TRG_083
-0.0149269644335422,TRG_038_TRG_088
0.607728721667825,TRG_038_TRG_090
-1.47966443679447,TRG_038_TRG_095
-0.887695224369893,TRG_038_TRG_101
-0.634816694810499,TRG_045_TRG_046
-1.7049032329251,TRG_045_TRG_047
-0.745860683586721,TRG_045_TRG_051
-1.37461948943856,TRG_045_TRG_055
-1.28408176272842,TRG_045_TRG_057
-0.513590179859057,TRG_045_TRG_059
-1.02504952182573,TRG_045_TRG_063
-1.27749455742267,TRG_045_TRG_064
-1.1635998909222,TRG_045_TRG_065
-1.26114527341225,TRG_045_TRG_066
-2.07124348004151,TRG_045_TRG_072
0.130764385891747,TRG_045_TRG_073
-0.0892633209856306,TRG_045_TRG_075
-0.968287347303913,TRG_045_TRG_077
0.295352854979412,TRG_045_TRG_083
-1.05526855203845,TRG_045_TRG_088
-1.9516873636321,TRG_045_TRG_090
-1.13881306531052,TRG_045_TRG_095
-1.11431505455797,TRG_045_TRG_101
-0.403125763802944,TRG_046_TRG_047
-0.806102667807097,TRG_046_TRG_051
0.441791073983884,TRG_046_TRG_055
0.149357873894531,TRG_046_TRG_057
0.0515104249524955,TRG_046_TRG_059
-0.447784895392894,TRG_046_TRG_063
-0.0837643182745529,TRG_046_TRG_064
-0.186635809395163,TRG_046_TRG_065
0.302379561790133,TRG_046_TRG_066
-0.381303100948219,TRG_046_TRG_072
0.760989912670165,TRG_046_TRG_073
0.656090169738061,TRG_046_TRG_075
0.527072901811758,TRG_046_TRG_077
-0.396679256987528,TRG_046_TRG_083
0.741158112143304,TRG_046_TRG_088
0.078102139555005,TRG_046_TRG_090
-0.018488510541595,TRG_046_TRG_095
-0.340536332629235,TRG_046_TRG_101
-1.03889643495453,TRG_047_TRG_051
0.322573282740625,TRG_047_TRG_055
0.427766225898305,TRG_047_TRG_057
1.20985668967856,TRG_047_TRG_059
-0.944004127607337,TRG_047_TRG_063
1.60080857727588,TRG_047_TRG_064
-1.78550239863654,TRG_047_TRG_065
0.943406587191101,TRG_047_TRG_066
-0.278154992861219,TRG_047_TRG_072
0.601095754377328,TRG_047_TRG_073
-0.0413823428587667,TRG_047_TRG_075
1.27350960374095,TRG_047_TRG_077
-1.76024414838465,TRG_047_TRG_083
0.0712050223202518,TRG_047_TRG_088
0.673810346916197,TRG_047_TRG_090
-0.325283948218512,TRG_047_TRG_095
1.82604152882618,TRG_047_TRG_101
0.187521264361015,TRG_051_TRG_055
-0.197248188531902,TRG_051_TRG_057
-0.246275033267994,TRG_051_TRG_059
-0.188980241453438,TRG_051_TRG_063
-0.755270181577829,TRG_051_TRG_064
0.4181297076891,TRG_051_TRG_065
0.288204271977292,TRG_051_TRG_066
-0.351269750819118,TRG_051_TRG_072
0.0209922029020726,TRG_051_TRG_073
0.628669254021124,TRG_051_TRG_075
0.26969366826859,TRG_051_TRG_077
-0.85435521266718,TRG_051_TRG_083
0.0912825091542753,TRG_051_TRG_088
0.0698878426626798,TRG_051_TRG_090
-0.226844653632677,TRG_051_TRG_095
-1.7951960478522,TRG_051_TRG_101
1.01835245326165,TRG_055_TRG_057
0.433551563000184,TRG_055_TRG_059
-0.0337425235012376,TRG_055_TRG_063
0.614913368801334,TRG_055_TRG_064
-0.609510663284822,TRG_055_TRG_065
0.822403213649368,TRG_055_TRG_066
0.417742969271735,TRG_055_TRG_072
0.666094013652267,TRG_055_TRG_073
0.738445897863932,TRG_055_TRG_075
1.64501700959505,TRG_055_TRG_077
-0.700606382952792,TRG_055_TRG_083
0.82973557670356,TRG_055_TRG_088
0.556917247969921,TRG_055_TRG_090
1.0425196487564,TRG_055_TRG_095
0.607945721666174,TRG_055_TRG_101
0.605639231983102,TRG_057_TRG_059
0.192861942198294,TRG_057_TRG_063
1.18247029077423,TRG_057_TRG_064
0.273025139797995,TRG_057_TRG_065
0.840636456600961,TRG_057_TRG_066
-0.173378707018705,TRG_057_TRG_072
0.391362765928423,TRG_057_TRG_073
0.769388158373261,TRG_057_TRG_075
0.892478939971335,TRG_057_TRG_077
-0.447243585007531,TRG_057_TRG_083
1.18270541039643,TRG_057_TRG_088
1.48422482748928,TRG_057_TRG_090
0.521079305776546,TRG_057_TRG_095
0.193245922157163,TRG_057_TRG_101
-0.53203330559579,TRG_059_TRG_063
1.37902415433347,TRG_059_TRG_064
-0.119377421034471,TRG_059_TRG_065
1.07884102385093,TRG_059_TRG_066
0.25790466652488,TRG_059_TRG_072
-0.114152904855256,TRG_059_TRG_073
0.557575206128107,TRG_059_TRG_075
0.803677790230083,TRG_059_TRG_077
-0.340357140877506,TRG_059_TRG_083
0.525744738642334,TRG_059_TRG_088
0.565508201696881,TRG_059_TRG_090
-0.641331755206783,TRG_059_TRG_095
-0.082168429072949,TRG_059_TRG_101
-0.365762677474242,TRG_063_TRG_064
-1.1514617628927,TRG_063_TRG_065
0.370170106918542,TRG_063_TRG_066
-0.939858665798645,TRG_063_TRG_072
0.29287316785791,TRG_063_TRG_073
0.383111587620813,TRG_063_TRG_075
0.475619403766311,TRG_063_TRG_077
-1.27787711129653,TRG_063_TRG_083
-0.124307664731275,TRG_063_TRG_088
-0.472966261920668,TRG_063_TRG_090
-0.651983372964053,TRG_063_TRG_095
-1.54176145420788,TRG_063_TRG_101
-0.809285302864247,TRG_064_TRG_065
1.32629595308789,TRG_064_TRG_066
-0.124021477674836,TRG_064_TRG_072
-0.155201283953135,TRG_064_TRG_073
0.754298663804167,TRG_064_TRG_075
1.40570976912235,TRG_064_TRG_077
-0.136335937210879,TRG_064_TRG_083
0.684109103727312,TRG_064_TRG_088
1.3138765255109,TRG_064_TRG_090
0.412227951925864,TRG_064_TRG_095
0.358303593546079,TRG_064_TRG_101
-0.5267182677901,TRG_065_TRG_066
-0.752864285621827,TRG_065_TRG_072
-0.433783024138281,TRG_065_TRG_073
0.901637178186641,TRG_065_TRG_075
-0.822203918767768,TRG_065_TRG_077
-0.162006610864394,TRG_065_TRG_083
-0.196053487182637,TRG_065_TRG_088
-0.0800346240476763,TRG_065_TRG_090
-1.93000077290871,TRG_065_TRG_095
-1.5442014646329,TRG_065_TRG_101
-0.21755303794197,TRG_066_TRG_072
0.394835392290455,TRG_066_TRG_073
0.710349513485051,TRG_066_TRG_075
1.86587904303154,TRG_066_TRG_077
-1.04641550686277,TRG_066_TRG_083
0.797263188549817,TRG_066_TRG_088
0.776515330183469,TRG_066_TRG_090
0.19968401770275,TRG_066_TRG_095
0.0381392775382968,TRG_066_TRG_101
-0.586599967050575,TRG_072_TRG_073
1.11777110123816,TRG_072_TRG_075
0.189852354849017,TRG_072_TRG_077
-1.66802705631036,TRG_072_TRG_083
1.44795471262298,TRG_072_TRG_088
0.421621762776649,TRG_072_TRG_090
-0.567348566532679,TRG_072_TRG_095
-0.178046435036015,TRG_072_TRG_101
1.35278104219689,TRG_073_TRG_075
0.613341665480721,TRG_073_TRG_077
-1.06566436158873,TRG_073_TRG_083
0.132720777336428,TRG_073_TRG_088
-0.0460983236419614,TRG_073_TRG_090
0.270077736944627,TRG_073_TRG_095
0.223355012156936,TRG_073_TRG_101
0.74788358329848,TRG_075_TRG_077
-0.422387423306835,TRG_075_TRG_083
1.27989652428704,TRG_075_TRG_088
0.626925988079376,TRG_075_TRG_090
-0.165640842021542,TRG_075_TRG_095
-0.705590380775094,TRG_075_TRG_101
-1.23495641749659,TRG_077_TRG_083
1.12388970399484,TRG_077_TRG_088
1.16835846890925,TRG_077_TRG_090
1.09284464305235,TRG_077_TRG_095
0.447793667669546,TRG_077_TRG_101
-0.312151515646322,TRG_083_TRG_088
-0.575067267089832,TRG_083_TRG_090
-2.34351208464163,TRG_083_TRG_095
-1.16023029347957,TRG_083_TRG_101
1.50167017540503,TRG_088_TRG_090
0.688590567003866,TRG_088_TRG_095
0.0553354865576366,TRG_088_TRG_101
-0.454092129652891,TRG_090_TRG_095
-0.45839570746403,TRG_090_TRG_101
0.807971303523372,TRG_095_TRG_101
