-0.231299392432077,TRG_003_TRG_005
0.380537578670837,TRG_003_TRG_006
0.494416040812334,TRG_003_TRG_013
-0.482204670531097,TRG_003_TRG_018
0.403368175012643,TRG_003_TRG_019
0.154001016325637,TRG_003_TRG_021
-0.371401346389559,TRG_003_TRG_024
0.986698357057187,TRG_003_TRG_026
1.44649875946455,TRG_003_TRG_027
0.470557630003874,TRG_003_TRG_032
1.2927217515601,TRG_003_TRG_034
0.96581105117547,TRG_003_TRG_035
1.28578725686308,TRG_003_TRG_037
0.91130396968319,TRG_003_TRG_038
-0.644621493397792,TRG_003_TRG_045
0.364993494836978,TRG_003_TRG_046
1.01828318382643,TRG_003_TRG_047
0.0347377409360133,TRG_003_TRG_051
1.71575656889124,TRG_003_TRG_055
-0.226054236742792,TRG_003_TRG_057
0.114735076486336,TRG_003_TRG_059
0.115432189842629,TRG_003_TRG_063
0.333997325702308,TRG_003_TRG_064
0.828980432612711,TRG_003_TRG_065
0.790508640324716,TRG_003_TRG_066
1.04610570821476,TRG_003_TRG_072
-0.337132835033332,TRG_003_TRG_073
1.46754400972156,TRG_003_TRG_075
1.29905551959065,TRG_003_TRG_077
-0.194405129557607,TRG_003_TRG_083
1.74442074880557,TRG_003_TRG_088
-0.647541727338224,TRG_003_TRG_090
1.82602160456407,TRG_003_TRG_095
1.08073945618554,TRG_003_TRG_101
-0.145498730077803,TRG_005_TRG_006
-0.554427963440858,TRG_005_TRG_013
-1.24076141850443,TRG_005_TRG_018
-0.122476409800604,TRG_005_TRG_019
1.17623779395701,TRG_005_TRG_021
0.916773301729818,TRG_005_TRG_024
-1.51095026903993,TRG_005_TRG_026
1.11384942288029,TRG_005_TRG_027
0.189464317147663,TRG_005_TRG_032
0.932779057200279,TRG_005_TRG_034
-0.951704330612157,TRG_005_TRG_035
1.38387609260044,TRG_005_TRG_037
0.161854701369478,TRG_005_TRG_038
0.885619118909852,TRG_005_TRG_045
-0.202825186811685,TRG_005_TRG_046
0.651141236857932,TRG_005_TRG_047
-0.48093212585079,TRG_005_TRG_051
-0.691289460092801,TRG_005_TRG_055
-2.08291327127251,TRG_005_TRG_057
0.985159082013632,TRG_005_TRG_059
-1.48170408823496,TRG_005_TRG_063
-0.51936250313153,TRG_005_TRG_064
0.327880910004123,TRG_005_TRG_065
-0.55798025339712,TRG_005_TRG_066
-0.444573058910625,TRG_005_TRG_072
0.0453136012796626,TRG_005_TRG_073
0.966366975214355,TRG_005_TRG_075
0.386542124049497,TRG_005_TRG_077
0.68213469438481,TRG_005_TRG_083
-0.607886486813659,TRG_005_TRG_088
0.108802573367043,TRG_005_TRG_090
-1.24827191713429,TRG_005_TRG_095
1.005413919811,TRG_005_TRG_101
-0.618628270818041,TRG_006_TRG_013
0.246951161836799,TRG_006_TRG_018
0.268583746772589,TRG_006_TRG_019
0.533979818318835,TRG_006_TRG_021
0.34130333907003,TRG_006_TRG_024
1.48391661154641,TRG_006_TRG_026
0.822279322985839,TRG_006_TRG_027
0.521927667503705,TRG_006_TRG_032
0.698338718776315,TRG_006_TRG_034
1.21721169334775,TRG_006_TRG_035
0.554874565936309,TRG_006_TRG_037
-1.18013313691655,TRG_006_TRG_038
1.62945486291411,TRG_006_TRG_045
-0.0621553856195259,TRG_006_TRG_046
-0.485799159640979,TRG_006_TRG_047
-0.360504810579525,TRG_006_TRG_051
0.691939478160612,TRG_006_TRG_055
0.207319205929112,TRG_006_TRG_057
-0.205069410685726,TRG_006_TRG_059
1.21117756777394,TRG_006_TRG_063
-0.662453770178193,TRG_006_TRG_064
0.563232302185359,TRG_006_TRG_065
0.363705468054864,TRG_006_TRG_066
0.0791954190217122,TRG_006_TRG_072
0.540267352246201,TRG_006_TRG_073
1.62890057018525,TRG_006_TRG_075
1.04352364444605,TRG_006_TRG_077
0.0238739698041111,TRG_006_TRG_083
0.110607540207122,TRG_006_TRG_088
-0.939512642542375,TRG_006_TRG_090
0.505978001574428,TRG_006_TRG_095
-0.897753837476502,TRG_006_TRG_101
-2.62792105508084,TRG_013_TRG_018
-0.956464193458191,TRG_013_TRG_019
-1.69068800741706,TRG_013_TRG_021
0.0744519107472167,TRG_013_TRG_024
1.01497276728286,TRG_013_TRG_026
-0.66243933818872,TRG_013_TRG_027
-0.720485607351768,TRG_013_TRG_032
1.1144175360252,TRG_013_TRG_034
-0.0114297924502636,TRG_013_TRG_035
-0.75747562850366,TRG_013_TRG_037
-1.72141187777698,TRG_013_TRG_038
-1.56799172473547,TRG_013_TRG_045
-0.936062464204837,TRG_013_TRG_046
1.89686343861013,TRG_013_TRG_047
-0.405743737250945,TRG_013_TRG_051
0.754831801124636,TRG_013_TRG_055
1.26193088506988,TRG_013_TRG_057
0.499916309709196,TRG_013_TRG_059
1.27550633109087,TRG_013_TRG_063
1.62467558241985,TRG_013_TRG_064
-1.54090223985696,TRG_013_TRG_065
1.47201655679396,TRG_013_TRG_066
-1.08589439575714,TRG_013_TRG_072
-1.19721867271022,TRG_013_TRG_073
-0.305377432033499,TRG_013_TRG_075
0.582639493799195,TRG_013_TRG_077
-0.57643992935004,TRG_013_TRG_083
0.660078264495224,TRG_013_TRG_088
0.119037266909431,TRG_013_TRG_090
1.37814565596396,TRG_013_TRG_095
1.60138939745793,TRG_013_TRG_101
-0.276250164820013,TRG_018_TRG_019
0.111226186266775,TRG_018_TRG_021
-2.09527016845283,TRG_018_TRG_024
-1.83882969579709,TRG_018_TRG_026
0.100572502760619,TRG_018_TRG_027
-1.60503520749034,TRG_018_TRG_032
-1.63863498334421,TRG_018_TRG_034
-0.0899450564105043,TRG_018_TRG_035
-1.35896277568533,TRG_018_TRG_037
-1.80599649070312,TRG_018_TRG_038
0.157664857699034,TRG_018_TRG_045
1.05062250775992,TRG_018_TRG_046
-2.13578221471989,TRG_018_TRG_047
0.378833168095868,TRG_018_TRG_051
-0.838456730230439,TRG_018_TRG_055
-1.03563935379162,TRG_018_TRG_057
-0.962217663559239,TRG_018_TRG_059
-0.795604018427186,TRG_018_TRG_063
-0.673615153686599,TRG_018_TRG_064
1.49408767263854,TRG_018_TRG_065
-0.157030586810177,TRG_018_TRG_066
-1.8421349018673,TRG_018_TRG_072
-0.15620710005641,TRG_018_TRG_073
0.852457923802916,TRG_018_TRG_075
-1.03689226606345,TRG_018_TRG_077
0.0560628625686235,TRG_018_TRG_083
-0.506131898862826,TRG_018_TRG_088
-1.66284005032755,TRG_018_TRG_090
-1.2847032379179,TRG_018_TRG_095
-2.03470885279491,TRG_018_TRG_101
1.38603052083162,TRG_019_TRG_021
0.871647823534979,TRG_019_TRG_024
-1.3139732137506,TRG_019_TRG_026
-0.244217541695891,TRG_019_TRG_027
0.190707893756336,TRG_019_TRG_032
0.514808327767277,TRG_019_TRG_034
-0.738716676637928,TRG_019_TRG_035
0.605372518220297,TRG_019_TRG_037
0.465579773654455,TRG_019_TRG_038
0.508209520248411,TRG_019_TRG_045
-0.467519332597961,TRG_019_TRG_046
-0.608182377670625,TRG_019_TRG_047
-0.783077746106519,TRG_019_TRG_051
0.501989901115407,TRG_019_TRG_055
-0.290750204175674,TRG_019_TRG_057
-0.765871631545409,TRG_019_TRG_059
-1.0258383595304,TRG_019_TRG_063
0.0356742040906097,TRG_019_TRG_064
0.261499857646886,TRG_019_TRG_065
0.607339519265683,TRG_019_TRG_066
-1.09450315958678,TRG_019_TRG_072
0.714899613953632,TRG_019_TRG_073
0.98186508920361,TRG_019_TRG_075
-0.84322233656468,TRG_019_TRG_077
0.269696593589603,TRG_019_TRG_083
-0.443875944847072,TRG_019_TRG_088
-0.552722910140342,TRG_019_TRG_090
-0.82711052189951,TRG_019_TRG_095
-0.42552206772399,TRG_019_TRG_101
0.206472022480337,TRG_021_TRG_024
-1.31572342838677,TRG_021_TRG_026
-0.223471070686384,TRG_021_TRG_027
0.761096361692171,TRG_021_TRG_032
-0.966593259733029,TRG_021_TRG_034
-1.14968927143951,TRG_021_TRG_035
1.62157480600845,TRG_021_TRG_037
0.489683226582055,TRG_021_TRG_038
-0.324683536092117,TRG_021_TRG_045
-0.691470082175445,TRG_021_TRG_046
-1.02372126838419,TRG_021_TRG_047
0.118028014258658,TRG_021_TRG_051
0.906693038779971,TRG_021_TRG_055
0.47242962139861,TRG_021_TRG_057
-0.743176311533038,TRG_021_TRG_059
-1.01040656253134,TRG_021_TRG_063
-0.563556807942843,TRG_021_TRG_064
0.981562852396843,TRG_021_TRG_065
-0.150529643860044,TRG_021_TRG_066
-0.301724863968746,TRG_021_TRG_072
1.23181507958044,TRG_021_TRG_073
1.47828597934219,TRG_021_TRG_075
1.04027982925853,TRG_021_TRG_077
0.1859870269369,TRG_021_TRG_083
0.534301282031781,TRG_021_TRG_088
1.2116055486291,TRG_021_TRG_090
-0.234474345549493,TRG_021_TRG_095
-1.50444917305655,TRG_021_TRG_101
-0.72946907621209,TRG_024_TRG_026
0.0322518428705953,TRG_024_TRG_027
0.953136181149524,TRG_024_TRG_032
-0.196396258008958,TRG_024_TRG_034
-0.768954532349475,TRG_024_TRG_035
1.49890214987767,TRG_024_TRG_037
-0.110126678272848,TRG_024_TRG_038
0.253031905143839,TRG_024_TRG_045
-1.19822994937987,TRG_024_TRG_046
0.805138400474381,TRG_024_TRG_047
0.102524512913726,TRG_024_TRG_051
-0.123597038714738,TRG_024_TRG_055
-1.84616864110678,TRG_024_TRG_057
0.823347092039292,TRG_024_TRG_059
-1.97083022526128,TRG_024_TRG_063
-0.240452579706305,TRG_024_TRG_064
-0.801870979729197,TRG_024_TRG_065
0.159358138271105,TRG_024_TRG_066
0.473291146108839,TRG_024_TRG_072
-0.150137294643688,TRG_024_TRG_073
0.388972286165864,TRG_024_TRG_075
-1.0413135757992,TRG_024_TRG_077
-0.820077263601281,TRG_024_TRG_083
-0.575550046683694,TRG_024_TRG_088
-1.20191873304144,TRG_024_TRG_090
-1.77363800416901,TRG_024_TRG_095
0.282893060405455,TRG_024_TRG_101
0.381010916831944,TRG_026_TRG_027
-0.184705784360359,TRG_026_TRG_032
1.36109155937204,TRG_026_TRG_034
0.329481508893867,TRG_026_TRG_035
0.0806787233137425,TRG_026_TRG_037
-0.851728321504783,TRG_026_TRG_038
-0.415916498394985,TRG_026_TRG_045
-0.205168596100136,TRG_026_TRG_046
0.464296858520967,TRG_026_TRG_047
-0.754285427615791,TRG_026_TRG_051
1.48842674126183,TRG_026_TRG_055
-0.296807905092626,TRG_026_TRG_057
-0.878696394084265,TRG_026_TRG_059
1.8565931920451,TRG_026_TRG_063
0.0176849593661691,TRG_026_TRG_064
-1.51844601903683,TRG_026_TRG_065
0.203665760544124,TRG_026_TRG_066
-0.44683464313091,TRG_026_TRG_072
-0.0282058415764408,TRG_026_TRG_073
0.14129364960673,TRG_026_TRG_075
1.44042782462471,TRG_026_TRG_077
-1.49509059979079,TRG_026_TRG_083
0.281930732251818,TRG_026_TRG_088
-0.889106695017001,TRG_026_TRG_090
1.87857272266168,TRG_026_TRG_095
0.13798395094531,TRG_026_TRG_101
1.06109539474856,TRG_027_TRG_032
0.56471984882869,TRG_027_TRG_034
0.65946191346076,TRG_027_TRG_035
-0.00839938077977874,TRG_027_TRG_037
-0.500373737401504,TRG_027_TRG_038
1.26207072172474,TRG_027_TRG_045
0.992961807714019,TRG_027_TRG_046
-0.0119566943608134,TRG_027_TRG_047
0.650640244793341,TRG_027_TRG_051
0.709543362493962,TRG_027_TRG_055
-0.340573206975161,TRG_027_TRG_057
1.95092350015543,TRG_027_TRG_059
0.675970143427828,TRG_027_TRG_063
0.686819014926768,TRG_027_TRG_064
0.417555766826973,TRG_027_TRG_065
0.415330212206374,TRG_027_TRG_066
-0.636742287019534,TRG_027_TRG_072
0.643435569075406,TRG_027_TRG_073
0.704534388331775,TRG_027_TRG_075
1.06535772467888,TRG_027_TRG_077
0.650651865416753,TRG_027_TRG_083
0.524060390847084,TRG_027_TRG_088
-0.801890060105307,TRG_027_TRG_090
0.785236374871518,TRG_027_TRG_095
-0.12882154015911,TRG_027_TRG_101
0.417162312105387,TRG_032_TRG_034
-0.632949255170682,TRG_032_TRG_035
1.06161248363324,TRG_032_TRG_037
-0.320072417564162,TRG_032_TRG_038
0.390234515776193,TRG_032_TRG_045
-0.500357338254951,TRG_032_TRG_046
-0.550205095158306,TRG_032_TRG_047
-0.59127174299313,TRG_032_TRG_051
0.609114816773861,TRG_032_TRG_055
0.000874134584121846,TRG_032_TRG_057
0.586148778932194,TRG_032_TRG_059
-1.29505050064323,TRG_032_TRG_063
-1.43958133304797,TRG_032_TRG_064
-0.407168409963798,TRG_032_TRG_065
-1.29522771245543,TRG_032_TRG_066
0.443024855407118,TRG_032_TRG_072
0.460883790158595,TRG_032_TRG_073
0.428816304620268,TRG_032_TRG_075
-0.202763183424293,TRG_032_TRG_077
1.24083509848895,TRG_032_TRG_083
0.18921912892536,TRG_032_TRG_088
-0.63874273732097,TRG_032_TRG_090
-0.360366882053089,TRG_032_TRG_095
0.27237470193508,TRG_032_TRG_101
-0.31839973902018,TRG_034_TRG_035
0.722120013965046,TRG_034_TRG_037
-0.376280837434003,TRG_034_TRG_038
0.163253409819193,TRG_034_TRG_045
-0.748689777295537,TRG_034_TRG_046
2.14031784121717,TRG_034_TRG_047
-0.808243732537654,TRG_034_TRG_051
0.93459911391679,TRG_034_TRG_055
0.0699753120064345,TRG_034_TRG_057
0.571185229204763,TRG_034_TRG_059
0.572298412246923,TRG_034_TRG_063
0.147814202229119,TRG_034_TRG_064
-0.807291112922783,TRG_034_TRG_065
0.74773509388359,TRG_034_TRG_066
-0.352652372576127,TRG_034_TRG_072
-1.04500836162777,TRG_034_TRG_073
-0.0707084141988499,TRG_034_TRG_075
1.22989030267743,TRG_034_TRG_077
0.0542619500769247,TRG_034_TRG_083
0.176869458229334,TRG_034_TRG_088
-0.540702780166949,TRG_034_TRG_090
0.432775226981022,TRG_034_TRG_095
2.06465128391472,TRG_034_TRG_101
-0.0490433659426359,TRG_035_TRG_037
-0.311504165599405,TRG_035_TRG_038
0.283238716804286,TRG_035_TRG_045
0.977213628428028,TRG_035_TRG_046
0.153778017980465,TRG_035_TRG_047
0.0392872617824365,TRG_035_TRG_051
0.835388440567164,TRG_035_TRG_055
-0.413535382772679,TRG_035_TRG_057
-0.0737607684660105,TRG_035_TRG_059
0.31122834089641,TRG_035_TRG_063
0.204614230890571,TRG_035_TRG_064
1.30939875765761,TRG_035_TRG_065
-0.293246112318012,TRG_035_TRG_066
0.799904041808454,TRG_035_TRG_072
-0.634776304674106,TRG_035_TRG_073
0.809621275555877,TRG_035_TRG_075
0.62731862615458,TRG_035_TRG_077
0.0107701229174123,TRG_035_TRG_083
0.731405008025939,TRG_035_TRG_088
-0.978873545102595,TRG_035_TRG_090
0.364280880800416,TRG_035_TRG_095
1.02433084709518,TRG_035_TRG_101
-0.665293909171534,TRG_037_TRG_038
-0.148654370547357,TRG_037_TRG_045
-0.151425482030215,TRG_037_TRG_046
-0.127414148400989,TRG_037_TRG_047
0.233958736690476,TRG_037_TRG_051
1.13416788397817,TRG_037_TRG_055
-0.569980098923163,TRG_037_TRG_057
-0.220758459078131,TRG_037_TRG_059
-0.948484941390221,TRG_037_TRG_063
-1.23841505989661,TRG_037_TRG_064
0.921612321704514,TRG_037_TRG_065
-0.0673475780290047,TRG_037_TRG_066
1.21724369201856,TRG_037_TRG_072
-0.0799750900116498,TRG_037_TRG_073
1.31007143747707,TRG_037_TRG_075
1.11794900221349,TRG_037_TRG_077
-0.476441340005256,TRG_037_TRG_083
0.995362671750028,TRG_037_TRG_088
0.203653389011065,TRG_037_TRG_090
0.161664959245996,TRG_037_TRG_095
-0.0481563329744555,TRG_037_TRG_101
0.10899389395623,TRG_038_TRG_045
-0.674582715448709,TRG_038_TRG_046
-0.123932359080291,TRG_038_TRG_047
-0.975623579028908,TRG_038_TRG_051
-1.57695978349778,TRG_038_TRG_055
-0.0438686616773466,TRG_038_TRG_057
-0.639953363016121,TRG_038_TRG_059
-0.195719040040778,TRG_038_TRG_063
-0.146864609618544,TRG_038_TRG_064
0.19576447269032,TRG_038_TRG_065
-0.873614305560191,TRG_038_TRG_066
0.253093736427883,TRG_038_TRG_072
1.25567810653576,TRG_038_TRG_073
0.234183097646755,TRG_038_TRG_075
-0.632778659122997,TRG_038_TRG_077
-0.28778627516367,TRG_038_TRG_083
0.250719541302598,TRG_038_TRG_088
0.986274014203958,TRG_038_TRG_090
-0.978416376741577,TRG_038_TRG_095
-1.20092826024294,TRG_038_TRG_101
0.576841465017739,TRG_045_TRG_046
-0.407191174061839,TRG_045_TRG_047
-0.622552828376606,TRG_045_TRG_051
-0.791718137635855,TRG_045_TRG_055
-0.577353215274255,TRG_045_TRG_057
0.877993337385137,TRG_045_TRG_059
0.34158027449814,TRG_045_TRG_063
-0.354029590116737,TRG_045_TRG_064
0.557692840867509,TRG_045_TRG_065
-0.371421704434116,TRG_045_TRG_066
-0.901547942465445,TRG_045_TRG_072
1.1318749576167,TRG_045_TRG_073
1.0430467615584,TRG_045_TRG_075
-0.120697346947551,TRG_045_TRG_077
1.0552707751775,TRG_045_TRG_083
-0.183331881198305,TRG_045_TRG_088
-0.969496554304336,TRG_045_TRG_090
-1.03836373970808,TRG_045_TRG_095
-0.720372491668345,TRG_045_TRG_101
-0.955691303259974,TRG_046_TRG_047
-0.741986898480407,TRG_046_TRG_051
-0.363798474680237,TRG_046_TRG_055
-1.26318187799131,TRG_046_TRG_057
-0.286394923026947,TRG_046_TRG_059
-0.161192278700333,TRG_046_TRG_063
-0.516380792132332,TRG_046_TRG_064
1.13663668380522,TRG_046_TRG_065
-0.278809346767507,TRG_046_TRG_066
-0.981927300104042,TRG_046_TRG_072
0.750888933756504,TRG_046_TRG_073
0.581528469276469,TRG_046_TRG_075
0.0220162108467158,TRG_046_TRG_077
0.238176724048515,TRG_046_TRG_083
0.2154726652365,TRG_046_TRG_088
-1.28897997915595,TRG_046_TRG_090
-0.122760315949441,TRG_046_TRG_095
-0.469336645681163,TRG_046_TRG_101
-0.518414506579205,TRG_047_TRG_051
0.21283920729662,TRG_047_TRG_055
-0.078549880446221,TRG_047_TRG_057
1.36601476280017,TRG_047_TRG_059
0.363125488138131,TRG_047_TRG_063
1.2291425740947,TRG_047_TRG_064
-1.09317732163872,TRG_047_TRG_065
1.52148999440036,TRG_047_TRG_066
-0.604548123315855,TRG_047_TRG_072
-0.178702516374158,TRG_047_TRG_073
-0.503746665781244,TRG_047_TRG_075
1.50396110626593,TRG_047_TRG_077
-0.470436165089747,TRG_047_TRG_083
0.0783228425786822,TRG_047_TRG_088
-0.00749715585197527,TRG_047_TRG_090
0.78382988724021,TRG_047_TRG_095
1.94303367290064,TRG_047_TRG_101
-0.00158812444406848,TRG_051_TRG_055
-0.251903530705025,TRG_051_TRG_057
0.0203987760225125,TRG_051_TRG_059
0.0238443795999271,TRG_051_TRG_063
-0.146905817314203,TRG_051_TRG_064
0.784215647471566,TRG_051_TRG_065
0.238475937405912,TRG_051_TRG_066
-1.07457057384374,TRG_051_TRG_072
-0.29863372920604,TRG_051_TRG_073
0.481874318053352,TRG_051_TRG_075
0.380583754916865,TRG_051_TRG_077
-0.70615860350457,TRG_051_TRG_083
0.612989291970897,TRG_051_TRG_088
0.468953499656256,TRG_051_TRG_090
-0.606903315903096,TRG_051_TRG_095
-1.24052594058233,TRG_051_TRG_101
0.217816219249617,TRG_055_TRG_057
-0.124748501514857,TRG_055_TRG_059
0.425339134617684,TRG_055_TRG_063
-0.112786754724652,TRG_055_TRG_064
-0.345496670233934,TRG_055_TRG_065
0.504971766611449,TRG_055_TRG_066
0.0104127309461256,TRG_055_TRG_072
0.374306322992918,TRG_055_TRG_073
0.371099195251772,TRG_055_TRG_075
1.69319630651311,TRG_055_TRG_077
-0.0981546691585394,TRG_055_TRG_083
0.405003457942682,TRG_055_TRG_088
-0.540450381717325,TRG_055_TRG_090
1.77593371436817,TRG_055_TRG_095
1.23054924149518,TRG_055_TRG_101
-0.355538245431023,TRG_057_TRG_059
1.229837353604,TRG_057_TRG_063
1.231106523347,TRG_057_TRG_064
0.109941168573357,TRG_057_TRG_065
0.58032223789101,TRG_057_TRG_066
-1.17828281169732,TRG_057_TRG_072
-0.0951211783618533,TRG_057_TRG_073
0.207649180942295,TRG_057_TRG_075
0.654430977581708,TRG_057_TRG_077
0.250299906935415,TRG_057_TRG_083
0.650742393696132,TRG_057_TRG_088
1.42577299116972,TRG_057_TRG_090
0.774198056155305,TRG_057_TRG_095
-0.279712922956307,TRG_057_TRG_101
0.140004358375649,TRG_059_TRG_063
0.992351560520166,TRG_059_TRG_064
-0.568961413185337,TRG_059_TRG_065
0.941417437327663,TRG_059_TRG_066
0.286261977827439,TRG_059_TRG_072
-0.287210267281721,TRG_059_TRG_073
0.17397934703739,TRG_059_TRG_075
0.465109383766259,TRG_059_TRG_077
0.413630411432042,TRG_059_TRG_083
0.652188360517431,TRG_059_TRG_088
-0.0499203536570014,TRG_059_TRG_090
-0.808880169820399,TRG_059_TRG_095
-0.158112969866499,TRG_059_TRG_101
1.22563223256512,TRG_063_TRG_064
-1.17217809863326,TRG_063_TRG_065
0.512831684465174,TRG_063_TRG_066
-0.772522256076656,TRG_063_TRG_072
0.727107657033029,TRG_063_TRG_073
0.760918834258114,TRG_063_TRG_075
1.2886541030491,TRG_063_TRG_077
-1.29797451279349,TRG_063_TRG_083
0.638746033788432,TRG_063_TRG_088
0.0810066333192903,TRG_063_TRG_090
1.31761487431671,TRG_063_TRG_095
-0.823341283243557,TRG_063_TRG_101
-0.748414839245706,TRG_064_TRG_065
1.44889241487065,TRG_064_TRG_066
0.296201300923131,TRG_064_TRG_072
-0.292369126165298,TRG_064_TRG_073
-0.304278098143217,TRG_064_TRG_075
1.05786495994389,TRG_064_TRG_077
-0.162389212143369,TRG_064_TRG_083
0.562580590124445,TRG_064_TRG_088
1.16454514313605,TRG_064_TRG_090
1.19542138101889,TRG_064_TRG_095
-0.283720678568869,TRG_064_TRG_101
-0.359290994226097,TRG_065_TRG_066
0.290847592228788,TRG_065_TRG_072
-0.323252290611652,TRG_065_TRG_073
1.41371320571427,TRG_065_TRG_075
-0.0254788045046191,TRG_065_TRG_077
0.918417541581775,TRG_065_TRG_083
0.693147376915951,TRG_065_TRG_088
-0.465637374569241,TRG_065_TRG_090
-0.75235277264356,TRG_065_TRG_095
-0.952380870342848,TRG_065_TRG_101
-1.13704580274727,TRG_066_TRG_072
0.210484287726962,TRG_066_TRG_073
0.263859511770871,TRG_066_TRG_075
2.09287291417921,TRG_066_TRG_077
-1.16037087586854,TRG_066_TRG_083
0.643664411301939,TRG_066_TRG_088
0.324010891339503,TRG_066_TRG_090
1.2836179126702,TRG_066_TRG_095
0.72355099492243,TRG_066_TRG_101
-1.24815530022286,TRG_072_TRG_073
1.48789064185875,TRG_072_TRG_075
-0.194175921254875,TRG_072_TRG_077
-0.876057351747068,TRG_072_TRG_083
0.926295574237088,TRG_072_TRG_088
-0.813087185485117,TRG_072_TRG_090
-0.289220832043846,TRG_072_TRG_095
-0.313131172975791,TRG_072_TRG_101
0.934256960332748,TRG_073_TRG_075
0.782756745638758,TRG_073_TRG_077
-0.478823667266531,TRG_073_TRG_083
0.224215691901503,TRG_073_TRG_088
0.175372858838626,TRG_073_TRG_090
0.402007764825821,TRG_073_TRG_095
0.0139899365495632,TRG_073_TRG_101
0.82995810373833,TRG_075_TRG_077
-0.0804726276888573,TRG_075_TRG_083
1.39944079393743,TRG_075_TRG_088
0.396705540434223,TRG_075_TRG_090
0.397579200459094,TRG_075_TRG_095
-0.492526021640362,TRG_075_TRG_101
-0.783541442624153,TRG_077_TRG_083
0.981723818119323,TRG_077_TRG_088
0.935041639695162,TRG_077_TRG_090
1.99197969850915,TRG_077_TRG_095
0.806958505634911,TRG_077_TRG_101
0.635966109806952,TRG_083_TRG_088
-0.610187628233022,TRG_083_TRG_090
-0.654805428982988,TRG_083_TRG_095
0.645167164334644,TRG_083_TRG_101
0.966103761475107,TRG_088_TRG_090
1.69242984945223,TRG_088_TRG_095
-0.0575987341517314,TRG_088_TRG_101
0.0674400682309431,TRG_090_TRG_095
-1.53516851406911,TRG_090_TRG_101
0.560450297115385,TRG_095_TRG_101
