0.139703135937468,TRG_001_TRG_002
0.816347230400459,TRG_001_TRG_008
0.388200957416344,TRG_001_TRG_009
-1.51803819336588,TRG_001_TRG_012
0.300021911360155,TRG_001_TRG_015
0.18256397773722,TRG_001_TRG_028
0.756967048249473,TRG_001_TRG_029
-0.218526571412272,TRG_001_TRG_030
-0.59166268940332,TRG_001_TRG_031
0.276356289667906,TRG_001_TRG_048
0.452013229925914,TRG_001_TRG_049
0.456160312947865,TRG_001_TRG_050
-0.6668642706348,TRG_001_TRG_052
0.596833418918502,TRG_001_TRG_056
0.10529030733113,TRG_001_TRG_061
-0.099624549785891,TRG_001_TRG_062
-2.00546195275322,TRG_001_TRG_071
1.13720929461805,TRG_001_TRG_076
0.473442773083703,TRG_001_TRG_079
0.220535938249452,TRG_001_TRG_080
0.736417955747412,TRG_001_TRG_081
0.669085491860768,TRG_001_TRG_084
-2.36451125962935,TRG_001_TRG_091
0.378611888109537,TRG_001_TRG_096
0.426643409736508,TRG_001_TRG_100
0.533390552815648,TRG_001_TRG_102
-0.84235875474154,TRG_002_TRG_008
-0.843671340161928,TRG_002_TRG_009
-0.776611505132582,TRG_002_TRG_012
0.62832956260367,TRG_002_TRG_015
0.311509728456211,TRG_002_TRG_028
0.780800547222776,TRG_002_TRG_029
-0.014505536247765,TRG_002_TRG_030
-1.44375242384306,TRG_002_TRG_031
-0.0578801637689519,TRG_002_TRG_048
-0.297636358411226,TRG_002_TRG_049
-0.434713735150217,TRG_002_TRG_050
-0.365853926032989,TRG_002_TRG_052
0.00315036203147848,TRG_002_TRG_056
-0.870209410760544,TRG_002_TRG_061
-0.577975617063181,TRG_002_TRG_062
-1.71494616954809,TRG_002_TRG_071
-0.55639297620451,TRG_002_TRG_076
-0.128533922638638,TRG_002_TRG_079
-0.0668424634599629,TRG_002_TRG_080
-0.776088659484802,TRG_002_TRG_081
-0.615369491718955,TRG_002_TRG_084
-2.5260384242235,TRG_002_TRG_091
-0.671693554140293,TRG_002_TRG_096
-1.08712181155327,TRG_002_TRG_100
0.303801943896009,TRG_002_TRG_102
0.374279254192039,TRG_008_TRG_009
-2.28640093465562,TRG_008_TRG_012
0.445631245874364,TRG_008_TRG_015
-0.994073369381641,TRG_008_TRG_028
0.233857251340559,TRG_008_TRG_029
-0.57254705977572,TRG_008_TRG_030
0.175792497281089,TRG_008_TRG_031
0.0620142507071345,TRG_008_TRG_048
0.640406471661172,TRG_008_TRG_049
0.492753452904321,TRG_008_TRG_050
-0.269043878413673,TRG_008_TRG_052
-0.462323047064348,TRG_008_TRG_056
-0.298997400049567,TRG_008_TRG_061
-0.894434543056718,TRG_008_TRG_062
-2.58271815081133,TRG_008_TRG_071
0.825256134333035,TRG_008_TRG_076
1.34893667456896,TRG_008_TRG_079
0.346305542355204,TRG_008_TRG_080
1.0570376607519,TRG_008_TRG_081
0.978420781310404,TRG_008_TRG_084
-1.08954461295017,TRG_008_TRG_091
0.471438308126801,TRG_008_TRG_096
0.551525719174704,TRG_008_TRG_100
0.806744096796851,TRG_008_TRG_102
-1.6974297990696,TRG_009_TRG_012
-0.138807714877193,TRG_009_TRG_015
-0.861238184195682,TRG_009_TRG_028
-0.0623248670287222,TRG_009_TRG_029
-0.893714958343027,TRG_009_TRG_030
-1.31957411579711,TRG_009_TRG_031
0.328042140413239,TRG_009_TRG_048
0.19253229009302,TRG_009_TRG_049
0.225177897988634,TRG_009_TRG_050
0.555006565541228,TRG_009_TRG_052
-0.54398186465658,TRG_009_TRG_056
-0.889330818815426,TRG_009_TRG_061
1.38088899549273,TRG_009_TRG_062
-1.94166443591705,TRG_009_TRG_071
-0.234519862697327,TRG_009_TRG_076
0.731403956704459,TRG_009_TRG_079
0.105823171338184,TRG_009_TRG_080
-0.0426215876217298,TRG_009_TRG_081
0.00647457550781458,TRG_009_TRG_084
-0.636295623603074,TRG_009_TRG_091
-0.0646825723085215,TRG_009_TRG_096
0.182396834998491,TRG_009_TRG_100
0.511678650737161,TRG_009_TRG_102
-0.90925026645651,TRG_012_TRG_015
0.125433188476581,TRG_012_TRG_028
-0.248574050309865,TRG_012_TRG_029
-0.0799525734897107,TRG_012_TRG_030
-2.40333507987447,TRG_012_TRG_031
0.2227306958097,TRG_012_TRG_048
-0.605341806990935,TRG_012_TRG_049
-0.523512443473722,TRG_012_TRG_050
-0.606882846202721,TRG_012_TRG_052
-1.55068023071068,TRG_012_TRG_056
-1.56433815249808,TRG_012_TRG_061
-1.19667349481523,TRG_012_TRG_062
-1.36390896398206,TRG_012_TRG_071
-1.61934947089389,TRG_012_TRG_076
-1.72568215124211,TRG_012_TRG_079
-0.415196023950851,TRG_012_TRG_080
-0.905210642420249,TRG_012_TRG_081
-1.16053121684497,TRG_012_TRG_084
-2.52040889645267,TRG_012_TRG_091
-1.44087306368419,TRG_012_TRG_096
-1.08012564930201,TRG_012_TRG_100
-2.24923482170255,TRG_012_TRG_102
-0.0497583715680731,TRG_015_TRG_028
1.04777145992808,TRG_015_TRG_029
0.160493275072241,TRG_015_TRG_030
-1.53890484972534,TRG_015_TRG_031
0.512462847205202,TRG_015_TRG_048
0.657410651105778,TRG_015_TRG_049
0.25332054189569,TRG_015_TRG_050
1.12050371972858,TRG_015_TRG_052
1.81370589938851,TRG_015_TRG_056
0.392970635074024,TRG_015_TRG_061
0.2942728446661,TRG_015_TRG_062
-1.73125607993533,TRG_015_TRG_071
0.504241528105536,TRG_015_TRG_076
0.176064945576823,TRG_015_TRG_079
1.07932222334156,TRG_015_TRG_080
-0.279547914580078,TRG_015_TRG_081
0.198493097510894,TRG_015_TRG_084
-2.14243667795756,TRG_015_TRG_091
0.453471504419867,TRG_015_TRG_096
1.31809564135966,TRG_015_TRG_100
1.93752866290599,TRG_015_TRG_102
1.35599415093115,TRG_028_TRG_029
1.1867968800343,TRG_028_TRG_030
-1.40789782561618,TRG_028_TRG_031
0.865951998543902,TRG_028_TRG_048
0.97193036772441,TRG_028_TRG_049
-0.194760605691136,TRG_028_TRG_050
0.0788376699470149,TRG_028_TRG_052
0.393410979451901,TRG_028_TRG_056
-0.569541965263577,TRG_028_TRG_061
-0.00587693924207618,TRG_028_TRG_062
-0.643724603093834,TRG_028_TRG_071
0.21839809913608,TRG_028_TRG_076
-0.460372836163538,TRG_028_TRG_079
0.606455965918017,TRG_028_TRG_080
-0.0307294267004348,TRG_028_TRG_081
1.09409211171793,TRG_028_TRG_084
-2.10019368104294,TRG_028_TRG_091
-0.304279559718008,TRG_028_TRG_096
-0.377029501634439,TRG_028_TRG_100
-0.361995683844465,TRG_028_TRG_102
0.79658217881587,TRG_029_TRG_030
-0.630808309006898,TRG_029_TRG_031
1.15922001549779,TRG_029_TRG_048
2.03545922590508,TRG_029_TRG_049
1.2064936426686,TRG_029_TRG_050
0.651774771208324,TRG_029_TRG_052
1.37838384815939,TRG_029_TRG_056
0.44530850537192,TRG_029_TRG_061
0.207406678740742,TRG_029_TRG_062
-0.616588475612347,TRG_029_TRG_071
1.44569585460508,TRG_029_TRG_076
0.899344814769294,TRG_029_TRG_079
1.74782488563306,TRG_029_TRG_080
1.05397918986569,TRG_029_TRG_081
1.41015875226824,TRG_029_TRG_084
-1.5820161465388,TRG_029_TRG_091
0.900848172619286,TRG_029_TRG_096
0.501105525254278,TRG_029_TRG_100
0.889420725264075,TRG_029_TRG_102
-0.471798429840174,TRG_030_TRG_031
1.13570107910827,TRG_030_TRG_048
0.925063492617213,TRG_030_TRG_049
-0.0109073339062537,TRG_030_TRG_050
-0.146911597250917,TRG_030_TRG_052
-0.405854884243288,TRG_030_TRG_056
0.0748702739610626,TRG_030_TRG_061
-0.274936586835213,TRG_030_TRG_062
-1.52990164599417,TRG_030_TRG_071
0.573453027007106,TRG_030_TRG_076
0.320734796520471,TRG_030_TRG_079
0.594899047018073,TRG_030_TRG_080
-0.0942902920938034,TRG_030_TRG_081
1.40330521384154,TRG_030_TRG_084
-3.25864994674135,TRG_030_TRG_091
-0.0526883698962923,TRG_030_TRG_096
0.433555731475341,TRG_030_TRG_100
0.0164686505376372,TRG_030_TRG_102
-1.47274360706948,TRG_031_TRG_048
-1.03674682347026,TRG_031_TRG_049
-1.24402544761015,TRG_031_TRG_050
-1.62726875584625,TRG_031_TRG_052
-1.70340068352915,TRG_031_TRG_056
-1.10380229614682,TRG_031_TRG_061
-2.05531553088074,TRG_031_TRG_062
-2.91582035241912,TRG_031_TRG_071
-0.768547715404601,TRG_031_TRG_076
-0.620385373213865,TRG_031_TRG_079
-1.2123207288745,TRG_031_TRG_080
-0.808265682192332,TRG_031_TRG_081
-0.205187483916746,TRG_031_TRG_084
-2.52222328454521,TRG_031_TRG_091
-0.429829820660956,TRG_031_TRG_096
-0.666945002374206,TRG_031_TRG_100
-0.653725849722667,TRG_031_TRG_102
1.07634287967894,TRG_048_TRG_049
1.17278003834669,TRG_048_TRG_050
1.54968998714,TRG_048_TRG_052
-0.0456172060163575,TRG_048_TRG_056
0.208601729239621,TRG_048_TRG_061
0.594402750722574,TRG_048_TRG_062
-1.31592927563423,TRG_048_TRG_071
0.657103326306012,TRG_048_TRG_076
0.505224209772127,TRG_048_TRG_079
0.942428806240634,TRG_048_TRG_080
0.388035863659147,TRG_048_TRG_081
0.594057828988118,TRG_048_TRG_084
-1.39762322143098,TRG_048_TRG_091
-0.0537501886884445,TRG_048_TRG_096
0.233749022777803,TRG_048_TRG_100
-0.151552862357358,TRG_048_TRG_102
1.58436599585694,TRG_049_TRG_050
0.548457572368732,TRG_049_TRG_052
0.786034248376812,TRG_049_TRG_056
0.699517991670095,TRG_049_TRG_061
-0.0080433884555358,TRG_049_TRG_062
-0.411815137865346,TRG_049_TRG_071
1.48358228528815,TRG_049_TRG_076
1.51790104545049,TRG_049_TRG_079
1.63757317102726,TRG_049_TRG_080
1.78078435757545,TRG_049_TRG_081
1.82754297191788,TRG_049_TRG_084
-1.94107935925037,TRG_049_TRG_091
0.503653665533405,TRG_049_TRG_096
0.242051975300719,TRG_049_TRG_100
1.11294477267256,TRG_049_TRG_102
0.748848668823633,TRG_050_TRG_052
-0.0356920304513728,TRG_050_TRG_056
0.951647732962641,TRG_050_TRG_061
0.484299670572019,TRG_050_TRG_062
-0.430009683720238,TRG_050_TRG_071
1.24343957859877,TRG_050_TRG_076
1.06044182219594,TRG_050_TRG_079
1.91299859628149,TRG_050_TRG_080
1.04121431351207,TRG_050_TRG_081
0.528074401849086,TRG_050_TRG_084
-1.50359224834712,TRG_050_TRG_091
1.00964606532131,TRG_050_TRG_096
1.20106605840723,TRG_050_TRG_100
0.56386243019839,TRG_050_TRG_102
0.492107464555226,TRG_052_TRG_056
0.0373488035984365,TRG_052_TRG_061
1.71709728998096,TRG_052_TRG_062
-0.594948747387847,TRG_052_TRG_071
0.72661730419336,TRG_052_TRG_076
0.500194974211521,TRG_052_TRG_079
1.45421181058793,TRG_052_TRG_080
1.01776122878709,TRG_052_TRG_081
-0.20973223792359,TRG_052_TRG_084
-0.206017477384295,TRG_052_TRG_091
0.307190580561647,TRG_052_TRG_096
0.822564487741702,TRG_052_TRG_100
-0.223335755123669,TRG_052_TRG_102
0.624443858700549,TRG_056_TRG_061
0.211038551369948,TRG_056_TRG_062
-1.2325004219572,TRG_056_TRG_071
0.643056678066329,TRG_056_TRG_076
0.158933775321322,TRG_056_TRG_079
1.0359317171957,TRG_056_TRG_080
-0.305558551505664,TRG_056_TRG_081
0.607232922153838,TRG_056_TRG_084
-2.21434110309409,TRG_056_TRG_091
0.0626123513274955,TRG_056_TRG_096
0.555533203329463,TRG_056_TRG_100
1.84039449292527,TRG_056_TRG_102
0.0284409128330249,TRG_061_TRG_062
-0.727609455578906,TRG_061_TRG_071
1.59883491885571,TRG_061_TRG_076
0.413568321108493,TRG_061_TRG_079
1.01026652840404,TRG_061_TRG_080
0.137675091405853,TRG_061_TRG_081
0.505918937058114,TRG_061_TRG_084
-2.07472903029958,TRG_061_TRG_091
1.58039470039556,TRG_061_TRG_096
0.801735985453227,TRG_061_TRG_100
0.396939469653094,TRG_061_TRG_102
-0.195693312237066,TRG_062_TRG_071
-0.141510660221567,TRG_062_TRG_076
0.629397545035552,TRG_062_TRG_079
0.969739242051224,TRG_062_TRG_080
1.0361606931561,TRG_062_TRG_081
-0.593096664491142,TRG_062_TRG_084
0.583078526613112,TRG_062_TRG_091
0.336205406799441,TRG_062_TRG_096
0.808658195220741,TRG_062_TRG_100
-0.261607915270092,TRG_062_TRG_102
-1.2190033936724,TRG_071_TRG_076
-1.63532314204741,TRG_071_TRG_079
-0.361307022604939,TRG_071_TRG_080
-1.14672725119322,TRG_071_TRG_081
-1.59521468961688,TRG_071_TRG_084
-0.268711653937717,TRG_071_TRG_091
-0.820297315403579,TRG_071_TRG_096
-2.1762881827342,TRG_071_TRG_100
-2.26439584750214,TRG_071_TRG_102
1.25008919042047,TRG_076_TRG_079
0.940418900354267,TRG_076_TRG_080
1.41764794629513,TRG_076_TRG_081
1.2681170413308,TRG_076_TRG_084
-2.06955975033052,TRG_076_TRG_091
1.18768171836874,TRG_076_TRG_096
0.501266135872387,TRG_076_TRG_100
0.739341838162427,TRG_076_TRG_102
0.978970285785986,TRG_079_TRG_080
1.18220834159999,TRG_079_TRG_081
0.894758553362729,TRG_079_TRG_084
-1.74231754388085,TRG_079_TRG_091
0.339092797252148,TRG_079_TRG_096
-0.275452560099085,TRG_079_TRG_100
1.49419198064663,TRG_079_TRG_102
0.415355468025053,TRG_080_TRG_081
1.09012575389929,TRG_080_TRG_084
-1.27222462139057,TRG_080_TRG_091
0.570296808845739,TRG_080_TRG_096
1.14781264316887,TRG_080_TRG_100
1.01962055708558,TRG_080_TRG_102
0.825419322000382,TRG_081_TRG_084
-1.25168695694738,TRG_081_TRG_091
0.611806860119211,TRG_081_TRG_096
0.804333171391118,TRG_081_TRG_100
0.233765909514315,TRG_081_TRG_102
-2.68009789939724,TRG_084_TRG_091
0.347019747384927,TRG_084_TRG_096
0.805673406475021,TRG_084_TRG_100
0.968933785314069,TRG_084_TRG_102
-1.83578591180338,TRG_091_TRG_096
-1.61069503325048,TRG_091_TRG_100
-2.91678233758197,TRG_091_TRG_102
0.500103914806433,TRG_096_TRG_100
0.357570457877443,TRG_096_TRG_102
0.28707330654573,TRG_100_TRG_102
