0.480415992361321,TRG_003_TRG_005
0.0258590387772532,TRG_003_TRG_006
1.25919979719639,TRG_003_TRG_013
-0.381726803425329,TRG_003_TRG_018
0.651819460858236,TRG_003_TRG_019
0.758967674496382,TRG_003_TRG_021
1.1225422575878,TRG_003_TRG_024
2.03797053347407,TRG_003_TRG_026
0.375993850993845,TRG_003_TRG_027
0.559856629826656,TRG_003_TRG_034
0.295114024315731,TRG_003_TRG_035
0.505189613533107,TRG_003_TRG_036
1.46713784421976,TRG_003_TRG_037
1.64088308423066,TRG_003_TRG_038
1.34312256332868,TRG_003_TRG_045
0.733803658280002,TRG_003_TRG_046
0.570766332042546,TRG_003_TRG_047
-0.40630427134512,TRG_003_TRG_051
1.30101388702018,TRG_003_TRG_055
1.59754062254402,TRG_003_TRG_057
0.407182268681134,TRG_003_TRG_059
1.10408460242391,TRG_003_TRG_063
0.84373346336145,TRG_003_TRG_064
-0.660955922880493,TRG_003_TRG_065
1.09095002021553,TRG_003_TRG_066
0.178307313204089,TRG_003_TRG_072
0.745910556766821,TRG_003_TRG_073
1.17074683292969,TRG_003_TRG_075
1.6144983640119,TRG_003_TRG_077
1.01870478967731,TRG_003_TRG_088
1.79269290676835,TRG_003_TRG_090
-0.780442570364682,TRG_003_TRG_095
0.417269485182712,TRG_003_TRG_101
-0.632860726260294,TRG_005_TRG_006
0.108005837272992,TRG_005_TRG_013
0.149354002462042,TRG_005_TRG_018
1.25569592253276,TRG_005_TRG_019
0.701291315039755,TRG_005_TRG_021
-0.389484792466358,TRG_005_TRG_024
0.923452251523894,TRG_005_TRG_026
-0.627459935271527,TRG_005_TRG_027
-0.884560768805675,TRG_005_TRG_034
-0.283022140855275,TRG_005_TRG_035
-0.0542116189161688,TRG_005_TRG_036
0.420071686429474,TRG_005_TRG_037
0.16525089786738,TRG_005_TRG_038
0.299604944384199,TRG_005_TRG_045
-0.650390132542685,TRG_005_TRG_046
-0.137930740982155,TRG_005_TRG_047
-0.918149938687406,TRG_005_TRG_051
-0.0944458369133903,TRG_005_TRG_055
-0.298679278984758,TRG_005_TRG_057
1.21930405040464,TRG_005_TRG_059
0.0790868945608875,TRG_005_TRG_063
-0.732538764757162,TRG_005_TRG_064
-1.02463055625389,TRG_005_TRG_065
-0.0437221309185644,TRG_005_TRG_066
0.340306602976206,TRG_005_TRG_072
-0.152472916209701,TRG_005_TRG_073
0.601568592976708,TRG_005_TRG_075
0.855929291824725,TRG_005_TRG_077
0.419251038937349,TRG_005_TRG_088
-0.136176337687459,TRG_005_TRG_090
-0.690428214141352,TRG_005_TRG_095
-0.0645120248112107,TRG_005_TRG_101
0.334821062295155,TRG_006_TRG_013
-1.15945239842651,TRG_006_TRG_018
-0.365742059759504,TRG_006_TRG_019
-0.194215846992973,TRG_006_TRG_021
-0.680367511007742,TRG_006_TRG_024
0.270713446448381,TRG_006_TRG_026
-1.5299493122899,TRG_006_TRG_027
-1.69837577183602,TRG_006_TRG_034
1.20066791836445,TRG_006_TRG_035
-1.14156220599849,TRG_006_TRG_036
-0.31925518340082,TRG_006_TRG_037
-0.205204073807974,TRG_006_TRG_038
-0.800551257885053,TRG_006_TRG_045
-1.0134368697525,TRG_006_TRG_046
-0.463819277942087,TRG_006_TRG_047
0.745426844588648,TRG_006_TRG_051
0.0169528937852564,TRG_006_TRG_055
-0.458194929935376,TRG_006_TRG_057
-0.0254186299111713,TRG_006_TRG_059
0.134294747290667,TRG_006_TRG_063
-0.58322539342241,TRG_006_TRG_064
-0.750262783892823,TRG_006_TRG_065
-0.0119325156328085,TRG_006_TRG_066
-1.2640820929489,TRG_006_TRG_072
-0.644815621564168,TRG_006_TRG_073
-0.0778414593285777,TRG_006_TRG_075
-0.456227760432365,TRG_006_TRG_077
-0.729423739226209,TRG_006_TRG_088
-0.312519202165238,TRG_006_TRG_090
-2.41784608730037,TRG_006_TRG_095
-0.679527198924194,TRG_006_TRG_101
-0.385705600742572,TRG_013_TRG_018
0.763360820647967,TRG_013_TRG_019
-0.196150924427218,TRG_013_TRG_021
-0.542597062044943,TRG_013_TRG_024
0.725519508375515,TRG_013_TRG_026
1.98203899840313,TRG_013_TRG_027
0.272037202138793,TRG_013_TRG_034
0.845274300273432,TRG_013_TRG_035
0.107125217986074,TRG_013_TRG_036
-0.502273473075937,TRG_013_TRG_037
0.682991631503869,TRG_013_TRG_038
0.20517125343445,TRG_013_TRG_045
0.674196403591194,TRG_013_TRG_046
0.490748658166202,TRG_013_TRG_047
-0.0123341441606962,TRG_013_TRG_051
0.446721580326519,TRG_013_TRG_055
0.57146571654051,TRG_013_TRG_057
-0.324062952585249,TRG_013_TRG_059
0.790481682599116,TRG_013_TRG_063
1.22788792105621,TRG_013_TRG_064
-0.492626277928668,TRG_013_TRG_065
0.886742465206624,TRG_013_TRG_066
-0.890660807090852,TRG_013_TRG_072
0.655790108600032,TRG_013_TRG_073
0.292771867447615,TRG_013_TRG_075
0.73346558854825,TRG_013_TRG_077
0.299378949557628,TRG_013_TRG_088
0.513699663537911,TRG_013_TRG_090
-1.07961182585905,TRG_013_TRG_095
0.193360233199856,TRG_013_TRG_101
0.519364746723209,TRG_018_TRG_019
-0.850659156505991,TRG_018_TRG_021
-0.544782641023187,TRG_018_TRG_024
-0.116721644937105,TRG_018_TRG_026
-0.203641679170625,TRG_018_TRG_027
-1.25973815982936,TRG_018_TRG_034
0.375887736513721,TRG_018_TRG_035
-0.477309794672708,TRG_018_TRG_036
-0.334685025695795,TRG_018_TRG_037
0.00724409867896046,TRG_018_TRG_038
-0.0188462158264993,TRG_018_TRG_045
0.435261827329148,TRG_018_TRG_046
0.771249633863043,TRG_018_TRG_047
-0.436795831531398,TRG_018_TRG_051
-0.367130140976078,TRG_018_TRG_055
-1.26058535656684,TRG_018_TRG_057
0.858343471898732,TRG_018_TRG_059
-0.764356158959635,TRG_018_TRG_063
-0.098939770187464,TRG_018_TRG_064
-1.25992874878747,TRG_018_TRG_065
-0.760018224500315,TRG_018_TRG_066
-0.136330208806399,TRG_018_TRG_072
-0.851054516935741,TRG_018_TRG_073
0.727167869150424,TRG_018_TRG_075
-0.351617983763978,TRG_018_TRG_077
0.163859520746669,TRG_018_TRG_088
-0.946916906310102,TRG_018_TRG_090
-0.889699283146954,TRG_018_TRG_095
-0.426691297408307,TRG_018_TRG_101
0.0992103391934246,TRG_019_TRG_021
0.274793233907724,TRG_019_TRG_024
0.432764803125131,TRG_019_TRG_026
0.628515122905662,TRG_019_TRG_027
-0.216074035953337,TRG_019_TRG_034
0.359314425269084,TRG_019_TRG_035
0.803543296733402,TRG_019_TRG_036
-0.462386158579876,TRG_019_TRG_037
0.997718287690331,TRG_019_TRG_038
0.275622573681374,TRG_019_TRG_045
0.101699560630934,TRG_019_TRG_046
1.59958968208935,TRG_019_TRG_047
-0.0810646847906025,TRG_019_TRG_051
-0.210157662414858,TRG_019_TRG_055
0.114913454318079,TRG_019_TRG_057
-0.0231891588808709,TRG_019_TRG_059
0.270041800267485,TRG_019_TRG_063
0.425540174634956,TRG_019_TRG_064
-0.482828570231583,TRG_019_TRG_065
1.2310752936546,TRG_019_TRG_066
-0.225431068397586,TRG_019_TRG_072
0.310229893047475,TRG_019_TRG_073
0.130621109267842,TRG_019_TRG_075
0.249855249226729,TRG_019_TRG_077
1.30690265179908,TRG_019_TRG_088
0.588446580366783,TRG_019_TRG_090
-0.640511719111318,TRG_019_TRG_095
0.73727646621498,TRG_019_TRG_101
0.154091924159634,TRG_021_TRG_024
2.19889429148644,TRG_021_TRG_026
0.347506036924913,TRG_021_TRG_027
-0.490521648221518,TRG_021_TRG_034
0.344169308264306,TRG_021_TRG_035
-0.181009493484689,TRG_021_TRG_036
1.08179785328932,TRG_021_TRG_037
0.41281964086039,TRG_021_TRG_038
0.885457292296357,TRG_021_TRG_045
-0.489227028567748,TRG_021_TRG_046
-0.369757557537207,TRG_021_TRG_047
-0.701209037283946,TRG_021_TRG_051
0.597653059776318,TRG_021_TRG_055
0.586102413571484,TRG_021_TRG_057
0.134733865554293,TRG_021_TRG_059
1.40622325390723,TRG_021_TRG_063
-0.434037879383055,TRG_021_TRG_064
-1.40787567556858,TRG_021_TRG_065
0.621610229294678,TRG_021_TRG_066
-0.309466683033804,TRG_021_TRG_072
0.0919057657396816,TRG_021_TRG_073
0.884485569523725,TRG_021_TRG_075
1.98425818797548,TRG_021_TRG_077
0.287577002783044,TRG_021_TRG_088
0.655194085510702,TRG_021_TRG_090
-1.63137829808142,TRG_021_TRG_095
-1.01775587877834,TRG_021_TRG_101
0.864154029146741,TRG_024_TRG_026
-0.670984759870997,TRG_024_TRG_027
-0.181868289923807,TRG_024_TRG_034
-0.0226117997916289,TRG_024_TRG_035
0.141056782178819,TRG_024_TRG_036
0.523844462935958,TRG_024_TRG_037
1.21484098963695,TRG_024_TRG_038
0.354824726890761,TRG_024_TRG_045
0.153259718968253,TRG_024_TRG_046
0.905500956985436,TRG_024_TRG_047
-0.68680042248825,TRG_024_TRG_051
1.48469345807826,TRG_024_TRG_055
0.123472249516962,TRG_024_TRG_057
-0.545938870405528,TRG_024_TRG_059
0.581171387225471,TRG_024_TRG_063
-0.643475966561398,TRG_024_TRG_064
-1.14984899203734,TRG_024_TRG_065
-0.140913575854967,TRG_024_TRG_066
-0.855224356545379,TRG_024_TRG_072
-0.10336898097032,TRG_024_TRG_073
0.213748484861591,TRG_024_TRG_075
0.44259483968582,TRG_024_TRG_077
0.716664469698593,TRG_024_TRG_088
0.766805596762128,TRG_024_TRG_090
-1.56503486297554,TRG_024_TRG_095
-0.307353517366753,TRG_024_TRG_101
0.789264062345037,TRG_026_TRG_027
0.0525819661286011,TRG_026_TRG_034
0.735745979807645,TRG_026_TRG_035
0.432455088310658,TRG_026_TRG_036
1.36636729607869,TRG_026_TRG_037
1.28379021310672,TRG_026_TRG_038
1.48378578700193,TRG_026_TRG_045
0.498107324050298,TRG_026_TRG_046
0.504422774309118,TRG_026_TRG_047
-0.351911759091623,TRG_026_TRG_051
1.19632287794483,TRG_026_TRG_055
1.73318537018447,TRG_026_TRG_057
0.583308268990398,TRG_026_TRG_059
1.89801324018881,TRG_026_TRG_063
0.729681728091639,TRG_026_TRG_064
-1.18425325118201,TRG_026_TRG_065
0.668075246641065,TRG_026_TRG_066
0.232676806096418,TRG_026_TRG_072
0.908026731370595,TRG_026_TRG_073
1.66442872101266,TRG_026_TRG_075
2.30751685201951,TRG_026_TRG_077
0.873834613752699,TRG_026_TRG_088
1.88955461713135,TRG_026_TRG_090
-1.25711163899055,TRG_026_TRG_095
-0.221441418450152,TRG_026_TRG_101
1.23162022735437,TRG_027_TRG_034
0.691855995454718,TRG_027_TRG_035
-0.31970671212836,TRG_027_TRG_036
-0.870064905675293,TRG_027_TRG_037
0.124943174847106,TRG_027_TRG_038
1.4900783589477,TRG_027_TRG_045
-0.129651375058231,TRG_027_TRG_046
0.799084459647996,TRG_027_TRG_047
-1.15365759901065,TRG_027_TRG_051
0.0698105182033258,TRG_027_TRG_055
0.0350457304286234,TRG_027_TRG_057
-1.22907772292971,TRG_027_TRG_059
0.474420834884326,TRG_027_TRG_063
1.19919526299705,TRG_027_TRG_064
-0.624712105290492,TRG_027_TRG_065
0.263854002223686,TRG_027_TRG_066
-0.893795696239611,TRG_027_TRG_072
0.192826371425076,TRG_027_TRG_073
-0.0275942024486669,TRG_027_TRG_075
0.930989022623316,TRG_027_TRG_077
0.462908094423301,TRG_027_TRG_088
0.384847411601026,TRG_027_TRG_090
-1.88882666174002,TRG_027_TRG_095
0.161636491642318,TRG_027_TRG_101
-1.12151333055112,TRG_034_TRG_035
1.26147271037167,TRG_034_TRG_036
-0.738185160203767,TRG_034_TRG_037
-0.456918315557581,TRG_034_TRG_038
0.496344018578894,TRG_034_TRG_045
-0.523400187877243,TRG_034_TRG_046
-0.368951293982343,TRG_034_TRG_047
-1.97368259925619,TRG_034_TRG_051
0.0843830334226882,TRG_034_TRG_055
-0.852214597069473,TRG_034_TRG_057
-0.862394134937382,TRG_034_TRG_059
-0.476684913525076,TRG_034_TRG_063
-0.107567830260683,TRG_034_TRG_064
-1.05794561087607,TRG_034_TRG_065
-0.392913035001412,TRG_034_TRG_066
-0.979396921156544,TRG_034_TRG_072
-0.977220745428014,TRG_034_TRG_073
-0.445321863307542,TRG_034_TRG_075
0.186723304782555,TRG_034_TRG_077
-0.019547302155119,TRG_034_TRG_088
-0.710199006388748,TRG_034_TRG_090
-2.21626857023737,TRG_034_TRG_095
-0.447635101238559,TRG_034_TRG_101
-0.183078355746354,TRG_035_TRG_036
0.274093068274415,TRG_035_TRG_037
0.981679824439761,TRG_035_TRG_038
0.853297317608414,TRG_035_TRG_045
0.988524226680673,TRG_035_TRG_046
0.660742849493631,TRG_035_TRG_047
0.649627434736807,TRG_035_TRG_051
0.496523076154803,TRG_035_TRG_055
-0.179825377651707,TRG_035_TRG_057
-0.0354586680531015,TRG_035_TRG_059
0.481845565197374,TRG_035_TRG_063
0.509488129331091,TRG_035_TRG_064
-0.918053292904533,TRG_035_TRG_065
0.664005331254153,TRG_035_TRG_066
-0.0261362979789828,TRG_035_TRG_072
0.713201339264893,TRG_035_TRG_073
0.577610669747213,TRG_035_TRG_075
0.113870926835772,TRG_035_TRG_077
0.599463858047444,TRG_035_TRG_088
0.478196042859234,TRG_035_TRG_090
-1.37851979344446,TRG_035_TRG_095
-0.0668773919743084,TRG_035_TRG_101
-0.271724401064469,TRG_036_TRG_037
0.185585972118582,TRG_036_TRG_038
0.734010395646269,TRG_036_TRG_045
-0.297997536530338,TRG_036_TRG_046
0.0641128070428783,TRG_036_TRG_047
-1.3656108480589,TRG_036_TRG_051
0.225800022733324,TRG_036_TRG_055
-0.230373814543144,TRG_036_TRG_057
-0.525742741162947,TRG_036_TRG_059
0.331431384676295,TRG_036_TRG_063
-0.50124753893103,TRG_036_TRG_064
-0.998164327399287,TRG_036_TRG_065
-0.0835727793587116,TRG_036_TRG_066
-0.224263384826921,TRG_036_TRG_072
-0.345692430376234,TRG_036_TRG_073
0.180328781552252,TRG_036_TRG_075
0.144884903841608,TRG_036_TRG_077
0.189038284931498,TRG_036_TRG_088
-0.0030088206436766,TRG_036_TRG_090
-1.37184217482349,TRG_036_TRG_095
-0.942302324594593,TRG_036_TRG_101
0.371028735090142,TRG_037_TRG_038
0.273944900449645,TRG_037_TRG_045
-0.312011697452436,TRG_037_TRG_046
-1.08495223792128,TRG_037_TRG_047
-0.78312789795525,TRG_037_TRG_051
0.863376278624663,TRG_037_TRG_055
0.279006301636062,TRG_037_TRG_057
0.76721026011614,TRG_037_TRG_059
0.535617488717287,TRG_037_TRG_063
-0.629060254587674,TRG_037_TRG_064
-0.69856542763223,TRG_037_TRG_065
-0.335573859682845,TRG_037_TRG_066
1.85968003195921,TRG_037_TRG_072
-0.459235727899814,TRG_037_TRG_073
1.73747005449553,TRG_037_TRG_075
1.0413263056117,TRG_037_TRG_077
0.460810750224848,TRG_037_TRG_088
0.256184762659998,TRG_037_TRG_090
-0.525274057043592,TRG_037_TRG_095
-0.591176635159996,TRG_037_TRG_101
1.25891731418393,TRG_038_TRG_045
0.306400046848186,TRG_038_TRG_046
1.15187181937398,TRG_038_TRG_047
-0.0305101699015556,TRG_038_TRG_051
0.464149232294067,TRG_038_TRG_055
0.633762898287778,TRG_038_TRG_057
-0.0898308906136443,TRG_038_TRG_059
1.13347802313316,TRG_038_TRG_063
0.252479604323173,TRG_038_TRG_064
-1.35708425644027,TRG_038_TRG_065
0.477636182418832,TRG_038_TRG_066
-0.163901947203983,TRG_038_TRG_072
1.18740939430091,TRG_038_TRG_073
0.201167183910624,TRG_038_TRG_075
0.466245863213114,TRG_038_TRG_077
1.06312287269589,TRG_038_TRG_088
1.1922745810743,TRG_038_TRG_090
-1.18026683447049,TRG_038_TRG_095
0.259015482445477,TRG_038_TRG_101
0.534030208813349,TRG_045_TRG_046
0.324671368468197,TRG_045_TRG_047
-0.87269356771665,TRG_045_TRG_051
1.22810921477803,TRG_045_TRG_055
0.553613997080253,TRG_045_TRG_057
-0.490768536557292,TRG_045_TRG_059
0.686875251409814,TRG_045_TRG_063
1.41642584467325,TRG_045_TRG_064
-0.838564407105856,TRG_045_TRG_065
0.378075939859383,TRG_045_TRG_066
-0.891263131966419,TRG_045_TRG_072
1.01836229586356,TRG_045_TRG_073
0.838722372816619,TRG_045_TRG_075
1.00980829385979,TRG_045_TRG_077
0.82084721520121,TRG_045_TRG_088
0.738080924892637,TRG_045_TRG_090
-1.85007160722904,TRG_045_TRG_095
-0.171102537303148,TRG_045_TRG_101
-0.0927145965141457,TRG_046_TRG_047
-0.533488667613062,TRG_046_TRG_051
0.716537147185388,TRG_046_TRG_055
-0.20103920801846,TRG_046_TRG_057
-0.354118476707365,TRG_046_TRG_059
-0.0882624738513701,TRG_046_TRG_063
-0.257833953258641,TRG_046_TRG_064
-1.68404071043564,TRG_046_TRG_065
0.280679258174202,TRG_046_TRG_066
-0.471400198974428,TRG_046_TRG_072
0.248672835716813,TRG_046_TRG_073
0.463047470314835,TRG_046_TRG_075
0.445405803443638,TRG_046_TRG_077
0.407056677771979,TRG_046_TRG_088
0.319105659716924,TRG_046_TRG_090
-1.53223572610748,TRG_046_TRG_095
-0.458387546528569,TRG_046_TRG_101
-0.573305197424752,TRG_047_TRG_051
-0.241329534331994,TRG_047_TRG_055
-0.156342090710422,TRG_047_TRG_057
0.161928611116231,TRG_047_TRG_059
0.171959449256117,TRG_047_TRG_063
0.508421195206391,TRG_047_TRG_064
-1.23820022509421,TRG_047_TRG_065
0.0117204680606701,TRG_047_TRG_066
-0.814517698332992,TRG_047_TRG_072
-0.564007296509457,TRG_047_TRG_073
-0.155325476079906,TRG_047_TRG_075
0.499328484489482,TRG_047_TRG_077
1.33175284701508,TRG_047_TRG_088
0.656336471948365,TRG_047_TRG_090
-0.105392075596357,TRG_047_TRG_095
1.02418314794464,TRG_047_TRG_101
-0.512303065162412,TRG_051_TRG_055
-1.19566409981778,TRG_051_TRG_057
-0.825817576866919,TRG_051_TRG_059
-0.314258694539521,TRG_051_TRG_063
-0.674988459256547,TRG_051_TRG_064
-0.778522448539768,TRG_051_TRG_065
-0.0512673462787938,TRG_051_TRG_066
-0.937301791852013,TRG_051_TRG_072
-0.0690003618167133,TRG_051_TRG_073
-0.457968479849867,TRG_051_TRG_075
-0.803001721269192,TRG_051_TRG_077
0.509796857478757,TRG_051_TRG_088
-0.398407639500378,TRG_051_TRG_090
-1.8351421172268,TRG_051_TRG_095
-0.367171665191762,TRG_051_TRG_101
0.451387097077919,TRG_055_TRG_057
-0.0835263760464041,TRG_055_TRG_059
0.843121341767704,TRG_055_TRG_063
0.0550076734806798,TRG_055_TRG_064
-1.1782664197359,TRG_055_TRG_065
0.153212111654822,TRG_055_TRG_066
-0.306050117283292,TRG_055_TRG_072
0.288814690394357,TRG_055_TRG_073
1.49174399548436,TRG_055_TRG_075
1.12188509919513,TRG_055_TRG_077
0.351645920130892,TRG_055_TRG_088
0.309124745444519,TRG_055_TRG_090
-1.60667855742346,TRG_055_TRG_095
-1.03648808385074,TRG_055_TRG_101
-0.636477941734775,TRG_057_TRG_059
1.77304898980548,TRG_057_TRG_063
0.894979780644727,TRG_057_TRG_064
-1.83630068043575,TRG_057_TRG_065
0.896708627371351,TRG_057_TRG_066
-0.848939180480134,TRG_057_TRG_072
0.251015375505451,TRG_057_TRG_073
0.693105564019556,TRG_057_TRG_075
1.17493413344421,TRG_057_TRG_077
-0.166602248056035,TRG_057_TRG_088
1.77877095335827,TRG_057_TRG_090
-2.12079214799013,TRG_057_TRG_095
-0.754164169549584,TRG_057_TRG_101
-0.0908218709498006,TRG_059_TRG_063
-0.539508298093366,TRG_059_TRG_064
-0.955040787146044,TRG_059_TRG_065
-0.305909761490362,TRG_059_TRG_066
0.545644267060044,TRG_059_TRG_072
-1.60901930661394,TRG_059_TRG_073
1.10603645915391,TRG_059_TRG_075
0.0986463062241009,TRG_059_TRG_077
-0.747065734276379,TRG_059_TRG_088
-0.587761503881874,TRG_059_TRG_090
-0.696034761545027,TRG_059_TRG_095
0.118484012697066,TRG_059_TRG_101
0.698336082331649,TRG_063_TRG_064
-1.02375689819742,TRG_063_TRG_065
0.93401340805458,TRG_063_TRG_066
-0.197147370251555,TRG_063_TRG_072
0.584550621445081,TRG_063_TRG_073
1.03850422261649,TRG_063_TRG_075
1.20168102108292,TRG_063_TRG_077
0.144673857541217,TRG_063_TRG_088
0.930701369993827,TRG_063_TRG_090
-2.14159416632545,TRG_063_TRG_095
-0.47597765315029,TRG_063_TRG_101
-1.32461372670351,TRG_064_TRG_065
0.845734220532907,TRG_064_TRG_066
-0.989739323877464,TRG_064_TRG_072
9.54976762742636e-05,TRG_064_TRG_073
0.289126124447166,TRG_064_TRG_075
0.601122433149658,TRG_064_TRG_077
0.516814754023067,TRG_064_TRG_088
0.533830805201485,TRG_064_TRG_090
-1.47088663768156,TRG_064_TRG_095
0.169069999643282,TRG_064_TRG_101
-1.30847324112536,TRG_065_TRG_066
-0.38558654920397,TRG_065_TRG_072
-1.49043103207524,TRG_065_TRG_073
-0.64362974113148,TRG_065_TRG_075
-1.46691881654868,TRG_065_TRG_077
-0.502087673469747,TRG_065_TRG_088
-1.20841227161676,TRG_065_TRG_090
-1.28001321450058,TRG_065_TRG_095
-1.62319775068375,TRG_065_TRG_101
-1.04421081886509,TRG_066_TRG_072
0.458335152874576,TRG_066_TRG_073
0.0524484031463106,TRG_066_TRG_075
0.528662643833547,TRG_066_TRG_077
0.251904250218393,TRG_066_TRG_088
0.489180638077318,TRG_066_TRG_090
-1.5030464579923,TRG_066_TRG_095
0.00262429049465383,TRG_066_TRG_101
-1.03132036691086,TRG_072_TRG_073
1.5084738907366,TRG_072_TRG_075
0.0750654114972789,TRG_072_TRG_077
0.169204943043673,TRG_072_TRG_088
-0.7634790018175,TRG_072_TRG_090
-0.385806263615153,TRG_072_TRG_095
-2.065092028073,TRG_072_TRG_101
0.017353609991092,TRG_073_TRG_075
0.241675333201717,TRG_073_TRG_077
0.553977213344924,TRG_073_TRG_088
0.840876069897176,TRG_073_TRG_090
-2.60918656563902,TRG_073_TRG_095
-0.0532342391045867,TRG_073_TRG_101
1.11604655180659,TRG_075_TRG_077
0.280354733304509,TRG_075_TRG_088
0.459203220360265,TRG_075_TRG_090
-0.777903476634222,TRG_075_TRG_095
-0.979922319502441,TRG_075_TRG_101
1.27739044416551,TRG_077_TRG_088
1.38107574228333,TRG_077_TRG_090
-0.915761378282891,TRG_077_TRG_095
-0.419789237442929,TRG_077_TRG_101
0.947565838371232,TRG_088_TRG_090
-1.21859155475289,TRG_088_TRG_095
0.126762107981853,TRG_088_TRG_101
-1.47173167622313,TRG_090_TRG_095
-0.272815642961039,TRG_090_TRG_101
0.113530795083353,TRG_095_TRG_101
