-1.03500396703967,TRG_004_TRG_007
0.868211445743282,TRG_004_TRG_010
0.031516157246964,TRG_004_TRG_011
-1.63659178654862,TRG_004_TRG_017
0.0951855364699587,TRG_004_TRG_020
0.806212011574157,TRG_004_TRG_022
1.48994366916089,TRG_004_TRG_023
-0.913257300523692,TRG_004_TRG_025
1.73683181075328,TRG_004_TRG_033
1.61599661438623,TRG_004_TRG_039
0.303897031306741,TRG_004_TRG_040
0.974892672981275,TRG_004_TRG_042
1.21357259795382,TRG_004_TRG_043
0.744531358984943,TRG_004_TRG_053
-2.24889798130768,TRG_004_TRG_054
-0.0714672098072159,TRG_004_TRG_058
-0.639019702459366,TRG_004_TRG_060
1.51209175439416,TRG_004_TRG_067
1.29124326849669,TRG_004_TRG_068
0.700436919474531,TRG_004_TRG_069
1.86942916328232,TRG_004_TRG_070
1.42980037371484,TRG_004_TRG_074
-1.4844969336999,TRG_004_TRG_078
2.06227833327189,TRG_004_TRG_085
-0.44545131044121,TRG_004_TRG_086
-0.134603518565395,TRG_004_TRG_087
1.93349443870428,TRG_004_TRG_089
1.25030036966688,TRG_004_TRG_092
1.05024933949904,TRG_004_TRG_093
0.423281128043124,TRG_004_TRG_094
0.0768217774766133,TRG_004_TRG_097
1.05571024028843,TRG_004_TRG_098
0.688204873738007,TRG_004_TRG_099
0.703705851679495,TRG_004_TRG_103
0.947185045444245,TRG_007_TRG_010
-0.711693692809632,TRG_007_TRG_011
-1.14288787381327,TRG_007_TRG_017
-0.0358782365014525,TRG_007_TRG_020
-3.09496792157339,TRG_007_TRG_022
-1.410970201029,TRG_007_TRG_023
1.03483798546922,TRG_007_TRG_025
0.858769860972999,TRG_007_TRG_033
-2.17532926108101,TRG_007_TRG_039
-1.27979176878808,TRG_007_TRG_040
1.49134746996775,TRG_007_TRG_042
0.658474983736035,TRG_007_TRG_043
-0.383007823389273,TRG_007_TRG_053
1.02806956706428,TRG_007_TRG_054
1.26820049177783,TRG_007_TRG_058
-0.101710511174954,TRG_007_TRG_060
-0.665421616333202,TRG_007_TRG_067
-1.3859997783755,TRG_007_TRG_068
0.200734880173669,TRG_007_TRG_069
0.114904632729747,TRG_007_TRG_070
-2.15525913090949,TRG_007_TRG_074
-0.387587141592978,TRG_007_TRG_078
-0.731096804273427,TRG_007_TRG_085
-1.30625320053389,TRG_007_TRG_086
0.742533503439765,TRG_007_TRG_087
-2.28502733362627,TRG_007_TRG_089
0.776580537842084,TRG_007_TRG_092
-0.0814223045942669,TRG_007_TRG_093
0.786722355308678,TRG_007_TRG_094
-1.16290053748107,TRG_007_TRG_097
0.66524779429003,TRG_007_TRG_098
0.221368953825708,TRG_007_TRG_099
-1.02773199520644,TRG_007_TRG_103
-1.06571406236417,TRG_010_TRG_011
-0.609547805837118,TRG_010_TRG_017
1.11161714806572,TRG_010_TRG_020
-1.63852543228446,TRG_010_TRG_022
-0.597846598055835,TRG_010_TRG_023
1.23709468798148,TRG_010_TRG_025
0.980237238807642,TRG_010_TRG_033
-1.73940933795714,TRG_010_TRG_039
-0.21465323768164,TRG_010_TRG_040
0.768244089187353,TRG_010_TRG_042
1.04890625508259,TRG_010_TRG_043
-0.594414884846211,TRG_010_TRG_053
1.21226652809082,TRG_010_TRG_054
1.12015222872965,TRG_010_TRG_058
0.922049183569573,TRG_010_TRG_060
0.0524341182101724,TRG_010_TRG_067
-1.072857645168,TRG_010_TRG_068
0.899558817231587,TRG_010_TRG_069
0.035612827688841,TRG_010_TRG_070
-1.01777272422751,TRG_010_TRG_074
0.783612017959221,TRG_010_TRG_078
0.94455145307991,TRG_010_TRG_085
0.602678759927605,TRG_010_TRG_086
0.872722082427997,TRG_010_TRG_087
-0.99217877096667,TRG_010_TRG_089
0.825030383447824,TRG_010_TRG_092
1.18961660958698,TRG_010_TRG_093
1.03922495809988,TRG_010_TRG_094
0.52209556595321,TRG_010_TRG_097
1.9708658391672,TRG_010_TRG_098
1.20744256243079,TRG_010_TRG_099
-0.447382444739262,TRG_010_TRG_103
-1.79774056856379,TRG_011_TRG_017
-0.742739463379501,TRG_011_TRG_020
-0.255599700726856,TRG_011_TRG_022
0.292987028241946,TRG_011_TRG_023
0.0881933379282523,TRG_011_TRG_025
-0.657514755845731,TRG_011_TRG_033
-0.381971426586429,TRG_011_TRG_039
-1.38593320284492,TRG_011_TRG_040
0.760416549338385,TRG_011_TRG_042
-0.139257983178953,TRG_011_TRG_043
-1.27743953748143,TRG_011_TRG_053
-0.747865472683415,TRG_011_TRG_054
-2.25703027134563,TRG_011_TRG_058
-0.555955900813295,TRG_011_TRG_060
-0.222348324814736,TRG_011_TRG_067
-0.923121552051651,TRG_011_TRG_068
-0.460877207003958,TRG_011_TRG_069
-0.0451817152438257,TRG_011_TRG_070
-0.247885078577675,TRG_011_TRG_074
-1.08716033992149,TRG_011_TRG_078
-0.965583792337865,TRG_011_TRG_085
-1.2470580570185,TRG_011_TRG_086
-2.20803953055493,TRG_011_TRG_087
0.109247001716912,TRG_011_TRG_089
0.401921768739375,TRG_011_TRG_092
1.44010945231903,TRG_011_TRG_093
-0.666890104522754,TRG_011_TRG_094
0.52648349646918,TRG_011_TRG_097
-1.21061109176872,TRG_011_TRG_098
-0.0242331293287356,TRG_011_TRG_099
0.898614842649747,TRG_011_TRG_103
-0.86546510568258,TRG_017_TRG_020
-2.82638115748156,TRG_017_TRG_022
-1.07736550402042,TRG_017_TRG_023
0.261467172000441,TRG_017_TRG_025
-0.282483610353835,TRG_017_TRG_033
-1.73380053901449,TRG_017_TRG_039
-0.45089393140967,TRG_017_TRG_040
-0.331221506121503,TRG_017_TRG_042
-0.453350070716366,TRG_017_TRG_043
0.298049314288428,TRG_017_TRG_053
-1.25302545286554,TRG_017_TRG_054
-1.25335662910163,TRG_017_TRG_058
-0.949938659579565,TRG_017_TRG_060
-0.853464947912887,TRG_017_TRG_067
-1.69466183273153,TRG_017_TRG_068
-1.04594948483828,TRG_017_TRG_069
-1.69108684954739,TRG_017_TRG_070
-2.61040826280313,TRG_017_TRG_074
-0.619750216350152,TRG_017_TRG_078
-1.07329167595408,TRG_017_TRG_085
-1.43179105629059,TRG_017_TRG_086
-1.26677642259121,TRG_017_TRG_087
-2.41577141751239,TRG_017_TRG_089
-0.31552522156213,TRG_017_TRG_092
-0.976937410125633,TRG_017_TRG_093
-0.57809840883122,TRG_017_TRG_094
-1.02285146887904,TRG_017_TRG_097
0.159852903430382,TRG_017_TRG_098
-0.204462802457967,TRG_017_TRG_099
-1.79535024918438,TRG_017_TRG_103
-1.84046899176177,TRG_020_TRG_022
-0.714726609979452,TRG_020_TRG_023
0.759214231536813,TRG_020_TRG_025
0.0341776686930578,TRG_020_TRG_033
-1.27783880370255,TRG_020_TRG_039
-1.1361085431406,TRG_020_TRG_040
-0.339771059403755,TRG_020_TRG_042
-1.21662632287838,TRG_020_TRG_043
-1.74136406289053,TRG_020_TRG_053
-0.205631075065627,TRG_020_TRG_054
-0.320102600320308,TRG_020_TRG_058
2.00858766112451,TRG_020_TRG_060
0.608765471728865,TRG_020_TRG_067
-0.930377511955327,TRG_020_TRG_068
1.65128745007247,TRG_020_TRG_069
0.275649904777169,TRG_020_TRG_070
-0.282937099948487,TRG_020_TRG_074
1.51950187391476,TRG_020_TRG_078
-0.154584384697541,TRG_020_TRG_085
0.616122618633476,TRG_020_TRG_086
-0.495892962479246,TRG_020_TRG_087
-0.697031282850915,TRG_020_TRG_089
-0.56978239343974,TRG_020_TRG_092
-0.753315319859646,TRG_020_TRG_093
-0.197306147015924,TRG_020_TRG_094
1.00051310120931,TRG_020_TRG_097
0.369839937421761,TRG_020_TRG_098
0.615988404132039,TRG_020_TRG_099
-0.55170589626457,TRG_020_TRG_103
1.41843350868241,TRG_022_TRG_023
-2.34284797104557,TRG_022_TRG_025
-0.398441041269289,TRG_022_TRG_033
2.05742220197338,TRG_022_TRG_039
0.820757861536231,TRG_022_TRG_040
-0.71947938559368,TRG_022_TRG_042
-0.541327990701045,TRG_022_TRG_043
-0.102295324025463,TRG_022_TRG_053
-1.59879813706194,TRG_022_TRG_054
-2.66169118304505,TRG_022_TRG_058
-1.73990946999689,TRG_022_TRG_060
0.635199586656515,TRG_022_TRG_067
1.95093580756348,TRG_022_TRG_068
-1.19566703798072,TRG_022_TRG_069
0.366773565133963,TRG_022_TRG_070
2.39892530437069,TRG_022_TRG_074
-2.04313645915117,TRG_022_TRG_078
0.425251616741766,TRG_022_TRG_085
0.106297332622557,TRG_022_TRG_086
-0.609844523788243,TRG_022_TRG_087
2.39921312402942,TRG_022_TRG_089
0.0238701098218043,TRG_022_TRG_092
-0.173886250068678,TRG_022_TRG_093
-1.73416185701058,TRG_022_TRG_094
-0.199863565221661,TRG_022_TRG_097
-1.06822038836639,TRG_022_TRG_098
-0.939406460240076,TRG_022_TRG_099
0.807158794709419,TRG_022_TRG_103
-1.87976308687663,TRG_023_TRG_025
0.51439439350169,TRG_023_TRG_033
1.1833665113943,TRG_023_TRG_039
0.682535008960848,TRG_023_TRG_040
0.905937577696829,TRG_023_TRG_042
-0.285428090347208,TRG_023_TRG_043
-0.614835565722639,TRG_023_TRG_053
-0.248840817202564,TRG_023_TRG_054
-0.682439016560123,TRG_023_TRG_058
-1.49356426766254,TRG_023_TRG_060
1.57088212109359,TRG_023_TRG_067
1.77249393674732,TRG_023_TRG_068
0.0855965179842492,TRG_023_TRG_069
1.52687058271,TRG_023_TRG_070
1.75887332958924,TRG_023_TRG_074
-1.38158952084017,TRG_023_TRG_078
1.35384472215823,TRG_023_TRG_085
-0.192720790922555,TRG_023_TRG_086
-0.168491624262338,TRG_023_TRG_087
1.75720627341087,TRG_023_TRG_089
0.0414258530375666,TRG_023_TRG_092
0.40318564206575,TRG_023_TRG_093
-0.0878130053769443,TRG_023_TRG_094
0.219030784696798,TRG_023_TRG_097
-0.187647205959139,TRG_023_TRG_098
-0.0562306011086537,TRG_023_TRG_099
1.75373687639159,TRG_023_TRG_103
-0.0862204926937115,TRG_025_TRG_033
-2.20950501496439,TRG_025_TRG_039
-1.47555517526773,TRG_025_TRG_040
0.862653312852603,TRG_025_TRG_042
1.06760066684901,TRG_025_TRG_043
-0.509453429192801,TRG_025_TRG_053
1.32945349427381,TRG_025_TRG_054
-0.707249963074354,TRG_025_TRG_058
1.15130481608682,TRG_025_TRG_060
-0.235691206898834,TRG_025_TRG_067
-1.04527508460952,TRG_025_TRG_068
0.915910107208666,TRG_025_TRG_069
-0.961456407251371,TRG_025_TRG_070
-2.175833753051,TRG_025_TRG_074
1.76077907227947,TRG_025_TRG_078
-0.499870384436744,TRG_025_TRG_085
0.201547850156596,TRG_025_TRG_086
0.38202110334808,TRG_025_TRG_087
-2.20173974678681,TRG_025_TRG_089
0.62476413588975,TRG_025_TRG_092
-0.244414973671646,TRG_025_TRG_093
0.880222293033534,TRG_025_TRG_094
0.80658750189964,TRG_025_TRG_097
1.82095106889679,TRG_025_TRG_098
0.867288655079903,TRG_025_TRG_099
-0.14585670148837,TRG_025_TRG_103
0.395239867866116,TRG_033_TRG_039
-0.067938632922408,TRG_033_TRG_040
1.69862312828924,TRG_033_TRG_042
1.13357592570814,TRG_033_TRG_043
1.03987661876896,TRG_033_TRG_053
-0.916205872240693,TRG_033_TRG_054
0.210475485609635,TRG_033_TRG_058
0.330496826834165,TRG_033_TRG_060
1.24339670929765,TRG_033_TRG_067
0.26009400174028,TRG_033_TRG_068
0.410668473204509,TRG_033_TRG_069
1.3113311142041,TRG_033_TRG_070
0.364870575704136,TRG_033_TRG_074
-0.417960036809751,TRG_033_TRG_078
1.05877345745129,TRG_033_TRG_085
-1.03797419448054,TRG_033_TRG_086
1.03765441724699,TRG_033_TRG_087
1.00290010810356,TRG_033_TRG_089
1.46487086577105,TRG_033_TRG_092
0.594390523056413,TRG_033_TRG_093
1.14883918025547,TRG_033_TRG_094
0.20762635256965,TRG_033_TRG_097
1.56551917877472,TRG_033_TRG_098
0.623833781545011,TRG_033_TRG_099
-0.189962007811468,TRG_033_TRG_103
1.58798545687213,TRG_039_TRG_040
-0.214837423315551,TRG_039_TRG_042
0.0226117983181735,TRG_039_TRG_043
0.461402083226465,TRG_039_TRG_053
-1.16086959593711,TRG_039_TRG_054
-2.07394074614439,TRG_039_TRG_058
-1.71860187251567,TRG_039_TRG_060
1.35703724234446,TRG_039_TRG_067
2.39608030838826,TRG_039_TRG_068
-0.511359937144234,TRG_039_TRG_069
1.24166171423061,TRG_039_TRG_070
2.35263776395826,TRG_039_TRG_074
-1.74087446263453,TRG_039_TRG_078
1.12953583682584,TRG_039_TRG_085
0.689906899631895,TRG_039_TRG_086
-0.283268333050076,TRG_039_TRG_087
2.56790482844377,TRG_039_TRG_089
0.666541090344242,TRG_039_TRG_092
-1.09850153188482,TRG_039_TRG_093
-0.953229088947941,TRG_039_TRG_094
-0.475942052276576,TRG_039_TRG_097
-0.378672098755893,TRG_039_TRG_098
-0.422133162193979,TRG_039_TRG_099
1.24993355324847,TRG_039_TRG_103
0.416448215702857,TRG_040_TRG_042
-0.981728900677416,TRG_040_TRG_043
-1.27517764269688,TRG_040_TRG_053
-0.346074217317313,TRG_040_TRG_054
-1.6276953701019,TRG_040_TRG_058
-0.0276612583846464,TRG_040_TRG_060
0.876908631673583,TRG_040_TRG_067
1.66939381629829,TRG_040_TRG_068
-0.813299132370223,TRG_040_TRG_069
1.0659363116124,TRG_040_TRG_070
1.01775451735702,TRG_040_TRG_074
-0.526225404046916,TRG_040_TRG_078
0.869116314169932,TRG_040_TRG_085
0.911582858242398,TRG_040_TRG_086
0.512241541067004,TRG_040_TRG_087
1.0381099185867,TRG_040_TRG_089
-0.624904298599148,TRG_040_TRG_092
-1.35009716858988,TRG_040_TRG_093
-0.771481821279399,TRG_040_TRG_094
-1.21264982376427,TRG_040_TRG_097
-1.01924527367018,TRG_040_TRG_098
-0.996463428835892,TRG_040_TRG_099
0.829006810455469,TRG_040_TRG_103
1.66595709296047,TRG_042_TRG_043
1.08468092198559,TRG_042_TRG_053
-0.396856831501055,TRG_042_TRG_054
0.880128505813696,TRG_042_TRG_058
-0.948230930315685,TRG_042_TRG_060
1.1450351415169,TRG_042_TRG_067
-0.228432864474273,TRG_042_TRG_068
0.584465847262048,TRG_042_TRG_069
1.77488164716335,TRG_042_TRG_070
-0.0129009064336605,TRG_042_TRG_074
-1.19067348575876,TRG_042_TRG_078
0.807900527556489,TRG_042_TRG_085
-1.37302638004026,TRG_042_TRG_086
0.892037563419389,TRG_042_TRG_087
0.496821402796742,TRG_042_TRG_089
2.21296690987915,TRG_042_TRG_092
1.2159809213663,TRG_042_TRG_093
1.15031565393329,TRG_042_TRG_094
0.688764074567431,TRG_042_TRG_097
1.11183829849761,TRG_042_TRG_098
0.993825988990075,TRG_042_TRG_099
0.498150840997373,TRG_042_TRG_103
1.11035956176969,TRG_043_TRG_053
-1.21121344164874,TRG_043_TRG_054
-0.0903899426397689,TRG_043_TRG_058
-0.439124183343955,TRG_043_TRG_060
0.403210811448682,TRG_043_TRG_067
0.567265542793418,TRG_043_TRG_068
-0.470340835203372,TRG_043_TRG_069
-0.057682012095801,TRG_043_TRG_070
0.210871660550609,TRG_043_TRG_074
-0.835396351039597,TRG_043_TRG_078
1.5332812902573,TRG_043_TRG_085
-1.57477950530962,TRG_043_TRG_086
1.12471569682446,TRG_043_TRG_087
0.329079751958733,TRG_043_TRG_089
2.19205595722391,TRG_043_TRG_092
1.31392754699755,TRG_043_TRG_093
0.599513571156168,TRG_043_TRG_094
0.387269795804161,TRG_043_TRG_097
1.41820293600514,TRG_043_TRG_098
0.792405546906114,TRG_043_TRG_099
-0.940313851819351,TRG_043_TRG_103
-2.8299411194794,TRG_053_TRG_054
-0.295383221782451,TRG_053_TRG_058
-0.881143305641302,TRG_053_TRG_060
0.420019602383622,TRG_053_TRG_067
0.282364835132772,TRG_053_TRG_068
-1.73943884109645,TRG_053_TRG_069
-0.672021453080239,TRG_053_TRG_070
0.0994242339021914,TRG_053_TRG_074
-2.59613385511588,TRG_053_TRG_078
0.937545782887191,TRG_053_TRG_085
-1.04960994447095,TRG_053_TRG_086
-0.528662056740142,TRG_053_TRG_087
0.533664501971055,TRG_053_TRG_089
1.64119676309029,TRG_053_TRG_092
-0.224657829003793,TRG_053_TRG_093
0.000323452704381243,TRG_053_TRG_094
-0.0643426730878494,TRG_053_TRG_097
0.858218264763443,TRG_053_TRG_098
-0.427631369509484,TRG_053_TRG_099
-0.691799646345085,TRG_053_TRG_103
-0.77113068794767,TRG_054_TRG_058
0.126598348949411,TRG_054_TRG_060
-0.267597293115712,TRG_054_TRG_067
0.184156457498799,TRG_054_TRG_068
0.48560142283245,TRG_054_TRG_069
-0.844624369666426,TRG_054_TRG_070
-1.15535874345103,TRG_054_TRG_074
0.733782585196269,TRG_054_TRG_078
-1.89108477262289,TRG_054_TRG_085
0.517096214052225,TRG_054_TRG_086
0.0339357177193528,TRG_054_TRG_087
-1.87069694471411,TRG_054_TRG_089
-1.19054993056391,TRG_054_TRG_092
-1.17601147088244,TRG_054_TRG_093
0.422668645967108,TRG_054_TRG_094
-1.28882883871805,TRG_054_TRG_097
0.514383198783485,TRG_054_TRG_098
-0.246629332781705,TRG_054_TRG_099
1.14968270043696,TRG_054_TRG_103
-0.13449557425207,TRG_058_TRG_060
-0.870202788815983,TRG_058_TRG_067
-1.76636150541778,TRG_058_TRG_068
-1.01335446862066,TRG_058_TRG_069
0.11554837144429,TRG_058_TRG_070
-2.00816718306962,TRG_058_TRG_074
-0.518343969382521,TRG_058_TRG_078
-0.615119895723173,TRG_058_TRG_085
-1.18358007724318,TRG_058_TRG_086
-0.693721391539162,TRG_058_TRG_087
-1.69750773730638,TRG_058_TRG_089
-0.0917152915571886,TRG_058_TRG_092
0.936228266858591,TRG_058_TRG_093
-0.731839635900673,TRG_058_TRG_094
-1.25856962792142,TRG_058_TRG_097
0.495291301748118,TRG_058_TRG_098
-0.718225240003011,TRG_058_TRG_099
-1.90723321736391,TRG_058_TRG_103
0.17991871190372,TRG_060_TRG_067
-1.00415665306277,TRG_060_TRG_068
1.08944939130779,TRG_060_TRG_069
-1.11380208422798,TRG_060_TRG_070
-0.812906443659128,TRG_060_TRG_074
2.24725535859337,TRG_060_TRG_078
-0.751640156734418,TRG_060_TRG_085
-0.193464505300133,TRG_060_TRG_086
-0.915437965691126,TRG_060_TRG_087
-0.977533462745668,TRG_060_TRG_089
-0.79819267060703,TRG_060_TRG_092
-0.444799049993857,TRG_060_TRG_093
0.692808245179891,TRG_060_TRG_094
1.55017602955431,TRG_060_TRG_097
0.598730322449112,TRG_060_TRG_098
1.15326140924167,TRG_060_TRG_099
-0.858154669046418,TRG_060_TRG_103
1.87896833867588,TRG_067_TRG_068
0.728794267494919,TRG_067_TRG_069
1.87899068418458,TRG_067_TRG_070
1.62028535541355,TRG_067_TRG_074
-1.02778782835571,TRG_067_TRG_078
1.2739581184322,TRG_067_TRG_085
1.05766879683939,TRG_067_TRG_086
0.506493125781575,TRG_067_TRG_087
1.62523212043719,TRG_067_TRG_089
0.317022041813557,TRG_067_TRG_092
-0.18391875896865,TRG_067_TRG_093
0.632635895659631,TRG_067_TRG_094
1.27311869999465,TRG_067_TRG_097
1.10987454284494,TRG_067_TRG_098
0.497099643150237,TRG_067_TRG_099
1.88291631274076,TRG_067_TRG_103
-0.585463526964829,TRG_068_TRG_069
1.22852336479388,TRG_068_TRG_070
2.46382870639865,TRG_068_TRG_074
-1.16786185963489,TRG_068_TRG_078
1.29194038621972,TRG_068_TRG_085
1.43179998316387,TRG_068_TRG_086
0.61651697770252,TRG_068_TRG_087
2.27963374416574,TRG_068_TRG_089
0.661365316804572,TRG_068_TRG_092
-1.03686084418293,TRG_068_TRG_093
-0.865397276975293,TRG_068_TRG_094
0.000366611126608985,TRG_068_TRG_097
0.124294827526966,TRG_068_TRG_098
-0.937583487994189,TRG_068_TRG_099
1.57450952946673,TRG_068_TRG_103
1.12814164769589,TRG_069_TRG_070
0.123694894856033,TRG_069_TRG_074
0.473996489834194,TRG_069_TRG_078
0.178426869084649,TRG_069_TRG_085
0.083478881092229,TRG_069_TRG_086
-0.82190468897833,TRG_069_TRG_087
0.161913902170015,TRG_069_TRG_089
0.122497784888205,TRG_069_TRG_092
-0.542931193338693,TRG_069_TRG_093
1.56489693468629,TRG_069_TRG_094
0.401162625064829,TRG_069_TRG_097
1.222539547016,TRG_069_TRG_098
1.59578774242746,TRG_069_TRG_099
-0.590489293755417,TRG_069_TRG_103
1.31900651810865,TRG_070_TRG_074
-1.18326388001497,TRG_070_TRG_078
1.22797425779621,TRG_070_TRG_085
0.550118086676436,TRG_070_TRG_086
-0.548978481638416,TRG_070_TRG_087
1.72131137905319,TRG_070_TRG_089
0.686547441341643,TRG_070_TRG_092
0.241828605976565,TRG_070_TRG_093
0.525324742313615,TRG_070_TRG_094
0.433884958863808,TRG_070_TRG_097
0.33509052918582,TRG_070_TRG_098
0.755019627972217,TRG_070_TRG_099
0.765332052882503,TRG_070_TRG_103
-2.21333396870014,TRG_074_TRG_078
1.19987696007356,TRG_074_TRG_085
0.519397516943845,TRG_074_TRG_086
-0.0412026060370386,TRG_074_TRG_087
2.66242339341956,TRG_074_TRG_089
0.265827694185129,TRG_074_TRG_092
-0.40373105918137,TRG_074_TRG_093
-0.735174943791967,TRG_074_TRG_094
0.692553020450968,TRG_074_TRG_097
0.106924565442671,TRG_074_TRG_098
-0.473554670226752,TRG_074_TRG_099
1.33163046839647,TRG_074_TRG_103
-1.24740967183571,TRG_078_TRG_085
0.685222047425247,TRG_078_TRG_086
-1.1608771292788,TRG_078_TRG_087
-2.26599352682429,TRG_078_TRG_089
-1.23912905338114,TRG_078_TRG_092
-1.3434598459171,TRG_078_TRG_093
0.760893372696513,TRG_078_TRG_094
0.499165046436894,TRG_078_TRG_097
0.815025549242493,TRG_078_TRG_098
0.620897364862079,TRG_078_TRG_099
-0.148917895850761,TRG_078_TRG_103
-0.948776250306746,TRG_085_TRG_086
1.40196259895612,TRG_085_TRG_087
1.23323236162908,TRG_085_TRG_089
0.992718527684396,TRG_085_TRG_092
0.698800604792977,TRG_085_TRG_093
0.849670041450417,TRG_085_TRG_094
-0.426705162901878,TRG_085_TRG_097
0.807355645865872,TRG_085_TRG_098
0.328867614615412,TRG_085_TRG_099
0.489453167131149,TRG_085_TRG_103
-1.83921783444254,TRG_086_TRG_087
0.459280389833333,TRG_086_TRG_089
-1.67937716038746,TRG_086_TRG_092
-1.79429028525078,TRG_086_TRG_093
-0.210723191551932,TRG_086_TRG_094
-1.71677915286569,TRG_086_TRG_097
-0.30484815374455,TRG_086_TRG_098
-1.76910133509252,TRG_086_TRG_099
0.61289226668281,TRG_086_TRG_103
-0.336734408897356,TRG_087_TRG_089
1.2980826063237,TRG_087_TRG_092
-0.492814878305723,TRG_087_TRG_093
0.307151292330642,TRG_087_TRG_094
-0.712844042204027,TRG_087_TRG_097
0.898317026695716,TRG_087_TRG_098
-0.0262803232957062,TRG_087_TRG_099
-0.682509599994076,TRG_087_TRG_103
0.743439455878703,TRG_089_TRG_092
0.0671795031372146,TRG_089_TRG_093
-0.402123481118841,TRG_089_TRG_094
0.537766524086013,TRG_089_TRG_097
0.23468209920954,TRG_089_TRG_098
0.183014080177655,TRG_089_TRG_099
1.0297997356572,TRG_089_TRG_103
0.994726507125296,TRG_092_TRG_093
0.72146891590085,TRG_092_TRG_094
0.0899281909261517,TRG_092_TRG_097
1.22529736126219,TRG_092_TRG_098
0.974608792240746,TRG_092_TRG_099
-0.683707710238283,TRG_092_TRG_103
-0.208674213322233,TRG_093_TRG_094
0.909559666517463,TRG_093_TRG_097
0.663582830698769,TRG_093_TRG_098
0.580560183509109,TRG_093_TRG_099
-0.390951520597877,TRG_093_TRG_103
0.0495652131933831,TRG_094_TRG_097
1.57248062491113,TRG_094_TRG_098
0.576687885083613,TRG_094_TRG_099
-0.606392618541773,TRG_094_TRG_103
0.365526754313324,TRG_097_TRG_098
0.915470822906337,TRG_097_TRG_099
0.405460087570076,TRG_097_TRG_103
0.433179057953819,TRG_098_TRG_099
-0.890753391902789,TRG_098_TRG_103
-0.661997064536679,TRG_099_TRG_103
