0.21879769371701,TRG_003_TRG_005
0.218272717208016,TRG_003_TRG_006
1.05529678075638,TRG_003_TRG_013
-0.623865055029344,TRG_003_TRG_018
0.458510104155437,TRG_003_TRG_019
0.658154943217332,TRG_003_TRG_021
0.561221130014657,TRG_003_TRG_024
1.97573202327914,TRG_003_TRG_026
1.45987737579755,TRG_003_TRG_027
1.67229689732865,TRG_003_TRG_034
0.139864799762268,TRG_003_TRG_035
1.1855803886921,TRG_003_TRG_036
1.54559635432196,TRG_003_TRG_037
1.71134117318508,TRG_003_TRG_038
2.16976961320457,TRG_003_TRG_045
0.080767844228803,TRG_003_TRG_046
0.816582133766628,TRG_003_TRG_047
-0.932810262910522,TRG_003_TRG_051
0.555467408495594,TRG_003_TRG_055
1.5078799422985,TRG_003_TRG_057
0.367657659554255,TRG_003_TRG_059
1.1123778175029,TRG_003_TRG_063
1.24593924268698,TRG_003_TRG_064
-0.248172175901485,TRG_003_TRG_065
0.812254341955525,TRG_003_TRG_066
0.434844431937275,TRG_003_TRG_072
0.758542637586958,TRG_003_TRG_073
1.00361952796737,TRG_003_TRG_075
1.54141014943155,TRG_003_TRG_077
1.1196170043323,TRG_003_TRG_088
1.81047459712024,TRG_003_TRG_090
0.429829433875184,TRG_003_TRG_095
0.730292101794576,TRG_003_TRG_101
-0.254281657171146,TRG_005_TRG_006
-0.227445971812856,TRG_005_TRG_013
0.625825436835204,TRG_005_TRG_018
0.881190015031544,TRG_005_TRG_019
0.852926185355308,TRG_005_TRG_021
-0.820566792817872,TRG_005_TRG_024
0.858793389135188,TRG_005_TRG_026
-1.05250999587713,TRG_005_TRG_027
-0.299160471164665,TRG_005_TRG_034
-0.527917560141415,TRG_005_TRG_035
0.338942472001629,TRG_005_TRG_036
1.34213173141781,TRG_005_TRG_037
-0.240418768893531,TRG_005_TRG_038
0.394410546143477,TRG_005_TRG_045
-1.53835868821792,TRG_005_TRG_046
-0.353289445340202,TRG_005_TRG_047
-1.29787296021479,TRG_005_TRG_051
-0.185970181909734,TRG_005_TRG_055
-1.5840085676646,TRG_005_TRG_057
1.85699660669597,TRG_005_TRG_059
-0.176046350180003,TRG_005_TRG_063
-1.38621725170424,TRG_005_TRG_064
-0.102226599309767,TRG_005_TRG_065
-0.740305016312498,TRG_005_TRG_066
1.6163195151177,TRG_005_TRG_072
-0.80260987735389,TRG_005_TRG_073
0.946036925615126,TRG_005_TRG_075
0.714299729973546,TRG_005_TRG_077
0.193904200948435,TRG_005_TRG_088
-0.850650837834765,TRG_005_TRG_090
1.89162506782106,TRG_005_TRG_095
-0.0206184222807171,TRG_005_TRG_101
-0.871571569301493,TRG_006_TRG_013
-0.44144548118452,TRG_006_TRG_018
-0.954872189785295,TRG_006_TRG_019
0.182890535118495,TRG_006_TRG_021
-2.44915197188038,TRG_006_TRG_024
0.562787210470695,TRG_006_TRG_026
-0.522536585948577,TRG_006_TRG_027
-0.457271859462236,TRG_006_TRG_034
0.746785787866159,TRG_006_TRG_035
-0.682198912903424,TRG_006_TRG_036
0.465458108656742,TRG_006_TRG_037
-0.749538417551211,TRG_006_TRG_038
-0.229723087951943,TRG_006_TRG_045
-1.62627333299587,TRG_006_TRG_046
-0.291891946423934,TRG_006_TRG_047
0.57509290776968,TRG_006_TRG_051
-1.49711069184882,TRG_006_TRG_055
-0.99335544733304,TRG_006_TRG_057
1.09359157617027,TRG_006_TRG_059
-0.514568100536038,TRG_006_TRG_063
-1.11781304374396,TRG_006_TRG_064
-0.324471739011924,TRG_006_TRG_065
0.338560191171177,TRG_006_TRG_066
-0.539951184617283,TRG_006_TRG_072
-0.886707317912476,TRG_006_TRG_073
-0.0573260465856314,TRG_006_TRG_075
0.123741587971786,TRG_006_TRG_077
-0.069035149059574,TRG_006_TRG_088
-0.528485577113726,TRG_006_TRG_090
0.251329954016536,TRG_006_TRG_095
-0.138521554440579,TRG_006_TRG_101
-0.71883094118136,TRG_013_TRG_018
0.621826873929109,TRG_013_TRG_019
-1.12110695757568,TRG_013_TRG_021
-1.61937492723931,TRG_013_TRG_024
-0.118520723488667,TRG_013_TRG_026
2.06517374270153,TRG_013_TRG_027
0.969229200744618,TRG_013_TRG_034
0.432661553795624,TRG_013_TRG_035
0.981874312242821,TRG_013_TRG_036
-0.670154341203983,TRG_013_TRG_037
-0.169953055509877,TRG_013_TRG_038
0.167889469172962,TRG_013_TRG_045
-0.0634180814477188,TRG_013_TRG_046
0.126845526403454,TRG_013_TRG_047
-0.901989102954682,TRG_013_TRG_051
-0.0380552299989277,TRG_013_TRG_055
0.613553900234292,TRG_013_TRG_057
-1.02015620750469,TRG_013_TRG_059
0.889291145973657,TRG_013_TRG_063
1.35380124542602,TRG_013_TRG_064
-0.289811936968126,TRG_013_TRG_065
0.879572616368489,TRG_013_TRG_066
-0.518114352824183,TRG_013_TRG_072
-0.297995869448653,TRG_013_TRG_073
0.280911327540081,TRG_013_TRG_075
0.402551620102677,TRG_013_TRG_077
-0.0976904565265318,TRG_013_TRG_088
-0.672325836661089,TRG_013_TRG_090
0.522917591156131,TRG_013_TRG_095
0.00415222238344953,TRG_013_TRG_101
0.678329275655453,TRG_018_TRG_019
-1.10660746781565,TRG_018_TRG_021
0.188135261629324,TRG_018_TRG_024
-0.138410642157035,TRG_018_TRG_026
0.0729352571023423,TRG_018_TRG_027
-0.55611786915127,TRG_018_TRG_034
1.6778673839314,TRG_018_TRG_035
0.225104168793668,TRG_018_TRG_036
-0.0879662500747029,TRG_018_TRG_037
0.356590379170475,TRG_018_TRG_038
0.574128493402253,TRG_018_TRG_045
0.764979966324809,TRG_018_TRG_046
1.23332183905775,TRG_018_TRG_047
-0.262693607591629,TRG_018_TRG_051
0.277000908886226,TRG_018_TRG_055
-1.9243006759528,TRG_018_TRG_057
1.58506438306621,TRG_018_TRG_059
-0.7803468307482,TRG_018_TRG_063
-0.127906874737572,TRG_018_TRG_064
-0.745860238882966,TRG_018_TRG_065
-1.47373182996946,TRG_018_TRG_066
0.518254669773674,TRG_018_TRG_072
-0.824732414133512,TRG_018_TRG_073
1.09229833720608,TRG_018_TRG_075
-0.703746378739682,TRG_018_TRG_077
0.397726266265843,TRG_018_TRG_088
-1.6805985284805,TRG_018_TRG_090
1.10593062089834,TRG_018_TRG_095
0.0213613917300704,TRG_018_TRG_101
-0.11291882294461,TRG_019_TRG_021
0.570883217204467,TRG_019_TRG_024
-0.0120039107075638,TRG_019_TRG_026
0.859422115004505,TRG_019_TRG_027
0.613574975644107,TRG_019_TRG_034
-0.0653395671574907,TRG_019_TRG_035
1.37092704679203,TRG_019_TRG_036
-0.0254875592487557,TRG_019_TRG_037
0.775642332605045,TRG_019_TRG_038
0.15269667563798,TRG_019_TRG_045
-0.166234193615279,TRG_019_TRG_046
1.44277059387758,TRG_019_TRG_047
0.0590130468016106,TRG_019_TRG_051
-0.636702317671028,TRG_019_TRG_055
-0.13602781839593,TRG_019_TRG_057
0.219628082475665,TRG_019_TRG_059
0.158282408930619,TRG_019_TRG_063
0.241252663005749,TRG_019_TRG_064
0.281610519258364,TRG_019_TRG_065
1.16811890176557,TRG_019_TRG_066
0.642506034130472,TRG_019_TRG_072
-0.373179468526341,TRG_019_TRG_073
0.0602224655171448,TRG_019_TRG_075
-0.089970660024126,TRG_019_TRG_077
1.16437446936509,TRG_019_TRG_088
0.0920280605059704,TRG_019_TRG_090
1.40577723757061,TRG_019_TRG_095
1.13093992394695,TRG_019_TRG_101
-0.409210431055562,TRG_021_TRG_024
2.11170114918516,TRG_021_TRG_026
0.608602932927766,TRG_021_TRG_027
0.154439985448126,TRG_021_TRG_034
-0.61844568570048,TRG_021_TRG_035
-0.238875175025317,TRG_021_TRG_036
1.77377281120274,TRG_021_TRG_037
-0.259729701530086,TRG_021_TRG_038
1.00296819682325,TRG_021_TRG_045
-1.62823719818922,TRG_021_TRG_046
-0.880938087768383,TRG_021_TRG_047
-1.72010315717516,TRG_021_TRG_051
0.454188277012309,TRG_021_TRG_055
0.390841462670876,TRG_021_TRG_057
0.972344720181899,TRG_021_TRG_059
1.62794089968444,TRG_021_TRG_063
-1.1404254527341,TRG_021_TRG_064
-1.04800265646435,TRG_021_TRG_065
0.29626227315996,TRG_021_TRG_066
0.314531022186391,TRG_021_TRG_072
-0.752144955063118,TRG_021_TRG_073
1.09373329848376,TRG_021_TRG_075
2.02601296490453,TRG_021_TRG_077
0.0180484017687477,TRG_021_TRG_088
0.269961652997045,TRG_021_TRG_090
-0.531077264557442,TRG_021_TRG_095
-1.45844867701589,TRG_021_TRG_101
0.438375744367303,TRG_024_TRG_026
0.0820131962216017,TRG_024_TRG_027
0.991215491058578,TRG_024_TRG_034
-0.390710166115004,TRG_024_TRG_035
0.272325824250955,TRG_024_TRG_036
-0.467000035941967,TRG_024_TRG_037
1.30661722835651,TRG_024_TRG_038
1.01415751976748,TRG_024_TRG_045
-0.508978682752175,TRG_024_TRG_046
1.89969650993821,TRG_024_TRG_047
-1.47415419474598,TRG_024_TRG_051
0.591219791914455,TRG_024_TRG_055
-0.617669645196412,TRG_024_TRG_057
-0.958829952724545,TRG_024_TRG_059
0.350933445684273,TRG_024_TRG_063
-0.49074392969993,TRG_024_TRG_064
0.244025254578279,TRG_024_TRG_065
-0.751516973054197,TRG_024_TRG_066
0.00505804556543343,TRG_024_TRG_072
-0.636104846998794,TRG_024_TRG_073
-0.516762515196517,TRG_024_TRG_075
0.204737023941081,TRG_024_TRG_077
1.05933318488411,TRG_024_TRG_088
-0.1916063862028,TRG_024_TRG_090
-0.372190364330705,TRG_024_TRG_095
0.740854706957991,TRG_024_TRG_101
1.27599248044425,TRG_026_TRG_027
0.819904600378032,TRG_026_TRG_034
0.167895445925555,TRG_026_TRG_035
0.53679015737724,TRG_026_TRG_036
1.94558585573933,TRG_026_TRG_037
0.821433269583033,TRG_026_TRG_038
1.83025343832962,TRG_026_TRG_045
-0.443014587052046,TRG_026_TRG_046
0.488434310564394,TRG_026_TRG_047
-1.05295615265833,TRG_026_TRG_051
0.783975339890574,TRG_026_TRG_055
1.53071871036694,TRG_026_TRG_057
1.38243478404839,TRG_026_TRG_059
1.92182741811635,TRG_026_TRG_063
0.797114655956548,TRG_026_TRG_064
-0.761344966861715,TRG_026_TRG_065
0.302859657661947,TRG_026_TRG_066
0.898416002782878,TRG_026_TRG_072
0.251226738756751,TRG_026_TRG_073
1.81386165331184,TRG_026_TRG_075
2.24469315624444,TRG_026_TRG_077
0.712486292985496,TRG_026_TRG_088
1.73502627746951,TRG_026_TRG_090
-0.00777978775155164,TRG_026_TRG_095
-0.244066286568976,TRG_026_TRG_101
1.92975037807518,TRG_027_TRG_034
0.480835187631382,TRG_027_TRG_035
1.19537301877738,TRG_027_TRG_036
0.316929031875309,TRG_027_TRG_037
0.163813295824344,TRG_027_TRG_038
1.69922687007553,TRG_027_TRG_045
0.29431343515538,TRG_027_TRG_046
1.3038543968827,TRG_027_TRG_047
-1.56515483210977,TRG_027_TRG_051
1.16633025180735,TRG_027_TRG_055
0.970419825908578,TRG_027_TRG_057
-0.368108495754206,TRG_027_TRG_059
1.62361873324867,TRG_027_TRG_063
1.63449100762348,TRG_027_TRG_064
0.0957689425492511,TRG_027_TRG_065
0.4679950944605,TRG_027_TRG_066
-0.227765829148467,TRG_027_TRG_072
0.0914162750787816,TRG_027_TRG_073
1.08221456277712,TRG_027_TRG_075
1.66386615986047,TRG_027_TRG_077
0.637581923237631,TRG_027_TRG_088
0.404132499128627,TRG_027_TRG_090
-0.0511489270222892,TRG_027_TRG_095
0.71765000696644,TRG_027_TRG_101
0.266626014264931,TRG_034_TRG_035
1.94725847085401,TRG_034_TRG_036
0.270137744610984,TRG_034_TRG_037
0.227774729396308,TRG_034_TRG_038
1.42337554812227,TRG_034_TRG_045
0.240651177772237,TRG_034_TRG_046
0.955114621183854,TRG_034_TRG_047
-1.31314954114285,TRG_034_TRG_051
1.12614136276803,TRG_034_TRG_055
0.00863616195099252,TRG_034_TRG_057
0.493634244279102,TRG_034_TRG_059
0.617955915624917,TRG_034_TRG_063
0.389124997264598,TRG_034_TRG_064
-0.193650949244678,TRG_034_TRG_065
0.423104778726666,TRG_034_TRG_066
-0.0847203902183713,TRG_034_TRG_072
-0.284980529889386,TRG_034_TRG_073
0.612872148044411,TRG_034_TRG_075
1.30761119004923,TRG_034_TRG_077
0.43347685155716,TRG_034_TRG_088
-0.172730737755766,TRG_034_TRG_090
1.04848891819669,TRG_034_TRG_095
0.690562183993177,TRG_034_TRG_101
0.492634584446299,TRG_035_TRG_036
0.383106633308985,TRG_035_TRG_037
0.391557034015577,TRG_035_TRG_038
0.652616687683298,TRG_035_TRG_045
1.19801132604811,TRG_035_TRG_046
0.781386064247265,TRG_035_TRG_047
0.239238097246605,TRG_035_TRG_051
-0.0907862256243369,TRG_035_TRG_055
-1.55632252647132,TRG_035_TRG_057
0.919834475800556,TRG_035_TRG_059
-0.257346780922132,TRG_035_TRG_063
0.412738309880757,TRG_035_TRG_064
-0.520185605747098,TRG_035_TRG_065
0.631091719459873,TRG_035_TRG_066
0.578914779908536,TRG_035_TRG_072
-0.0806214931834484,TRG_035_TRG_073
0.736581592162727,TRG_035_TRG_075
-0.126143232653194,TRG_035_TRG_077
0.466585896898686,TRG_035_TRG_088
-1.38625719670477,TRG_035_TRG_090
0.459544510407586,TRG_035_TRG_095
0.336296489974057,TRG_035_TRG_101
-0.112525120164068,TRG_036_TRG_037
0.497822085460865,TRG_036_TRG_038
1.05465799973893,TRG_036_TRG_045
-0.00582382373014737,TRG_036_TRG_046
1.2225104587303,TRG_036_TRG_047
-1.58484587565452,TRG_036_TRG_051
0.834652213542606,TRG_036_TRG_055
-0.509177181334507,TRG_036_TRG_057
0.381464604686801,TRG_036_TRG_059
-0.0335576366557667,TRG_036_TRG_063
-0.0131766892004705,TRG_036_TRG_064
-0.28531502704644,TRG_036_TRG_065
-0.0544074726759629,TRG_036_TRG_066
0.366247011480691,TRG_036_TRG_072
-0.620789920748266,TRG_036_TRG_073
0.66145298051373,TRG_036_TRG_075
0.653547229172198,TRG_036_TRG_077
0.244961882216616,TRG_036_TRG_088
0.1614976338485,TRG_036_TRG_090
1.54867931418988,TRG_036_TRG_095
0.154137548389038,TRG_036_TRG_101
0.347049329232361,TRG_037_TRG_038
1.79589409869457,TRG_037_TRG_045
-0.870581914995585,TRG_037_TRG_046
-0.201671497816225,TRG_037_TRG_047
-0.841504432531565,TRG_037_TRG_051
0.69434665815279,TRG_037_TRG_055
0.4856616692083,TRG_037_TRG_057
1.68716846088643,TRG_037_TRG_059
1.2970257414434,TRG_037_TRG_063
-0.00514918420598173,TRG_037_TRG_064
-0.209346478890029,TRG_037_TRG_065
-0.485529018886883,TRG_037_TRG_066
2.13963730195843,TRG_037_TRG_072
0.24049513137671,TRG_037_TRG_073
1.84516882897545,TRG_037_TRG_075
1.36856260169537,TRG_037_TRG_077
1.15056640758403,TRG_037_TRG_088
0.204164491884954,TRG_037_TRG_090
0.402390245780093,TRG_037_TRG_095
-0.641318086748582,TRG_037_TRG_101
1.31415425360952,TRG_038_TRG_045
-0.363613136114568,TRG_038_TRG_046
1.63866484605327,TRG_038_TRG_047
-0.393056664101024,TRG_038_TRG_051
-0.250081758031296,TRG_038_TRG_055
-0.0334217417273379,TRG_038_TRG_057
0.26725799578579,TRG_038_TRG_059
0.802051948629733,TRG_038_TRG_063
0.0304982569760699,TRG_038_TRG_064
-1.25957476400272,TRG_038_TRG_065
-0.313688777199379,TRG_038_TRG_066
0.400309470674412,TRG_038_TRG_072
0.74378401460212,TRG_038_TRG_073
-0.150145042144588,TRG_038_TRG_075
0.0444482178577501,TRG_038_TRG_077
1.07222324172455,TRG_038_TRG_088
0.705743147578818,TRG_038_TRG_090
0.362654868336785,TRG_038_TRG_095
0.699547423094586,TRG_038_TRG_101
0.696732116511926,TRG_045_TRG_046
0.98126636513631,TRG_045_TRG_047
-0.932967709764678,TRG_045_TRG_051
1.81546185113431,TRG_045_TRG_055
0.797825307528998,TRG_045_TRG_057
0.751507284905743,TRG_045_TRG_059
0.917186213576909,TRG_045_TRG_063
1.22982342908188,TRG_045_TRG_064
-0.663589957099972,TRG_045_TRG_065
0.161478457487236,TRG_045_TRG_066
0.661834938147643,TRG_045_TRG_072
0.862526277689092,TRG_045_TRG_073
1.89320399490842,TRG_045_TRG_075
1.53872825943721,TRG_045_TRG_077
0.99063846460464,TRG_045_TRG_088
1.0384984303693,TRG_045_TRG_090
0.454911793847576,TRG_045_TRG_095
0.462715094395637,TRG_045_TRG_101
-0.161570549248601,TRG_046_TRG_047
-1.21721008085735,TRG_046_TRG_051
0.417905183158752,TRG_046_TRG_055
-1.4035112901242,TRG_046_TRG_057
0.0133044102488326,TRG_046_TRG_059
-0.759574882850075,TRG_046_TRG_063
-0.742362843324263,TRG_046_TRG_064
-1.81949950660868,TRG_046_TRG_065
-0.0627598982236391,TRG_046_TRG_066
-0.799969275171547,TRG_046_TRG_072
-0.00799318378782233,TRG_046_TRG_073
-0.354684162020816,TRG_046_TRG_075
-0.208609496770572,TRG_046_TRG_077
0.278619692841257,TRG_046_TRG_088
-0.81462927430224,TRG_046_TRG_090
-0.622849231266559,TRG_046_TRG_095
-0.572907688444237,TRG_046_TRG_101
-1.07984813686559,TRG_047_TRG_051
0.236108303191597,TRG_047_TRG_055
-0.0924579058920754,TRG_047_TRG_057
0.331742369777492,TRG_047_TRG_059
0.840765103792524,TRG_047_TRG_063
0.941566403176099,TRG_047_TRG_064
-0.087140401315324,TRG_047_TRG_065
-0.558092330916524,TRG_047_TRG_066
0.84564684148212,TRG_047_TRG_072
-1.12171058278489,TRG_047_TRG_073
-0.696766954927595,TRG_047_TRG_075
0.271268694482062,TRG_047_TRG_077
1.43915652079374,TRG_047_TRG_088
0.0852442092387453,TRG_047_TRG_090
1.04792287837232,TRG_047_TRG_095
1.06725735232815,TRG_047_TRG_101
-1.59021833395492,TRG_051_TRG_055
-2.64788063493283,TRG_051_TRG_057
-0.758882689945338,TRG_051_TRG_059
-0.618970387814298,TRG_051_TRG_063
-1.32686310335077,TRG_051_TRG_064
-0.268680142696353,TRG_051_TRG_065
-0.309794500542505,TRG_051_TRG_066
-1.04511109021072,TRG_051_TRG_072
-0.11164033440594,TRG_051_TRG_073
-0.825558729494324,TRG_051_TRG_075
-1.28834289789678,TRG_051_TRG_077
1.04049909034701,TRG_051_TRG_088
-0.811865195683309,TRG_051_TRG_090
-0.486681367740022,TRG_051_TRG_095
-0.234467332253796,TRG_051_TRG_101
-0.138819247289165,TRG_055_TRG_057
0.168555983031097,TRG_055_TRG_059
0.346518668519779,TRG_055_TRG_063
0.480306027608271,TRG_055_TRG_064
-0.667803307029545,TRG_055_TRG_065
-0.327091257515188,TRG_055_TRG_066
0.0300035130174476,TRG_055_TRG_072
-0.576980665665885,TRG_055_TRG_073
1.66572560913438,TRG_055_TRG_075
1.58300594305502,TRG_055_TRG_077
0.565034512949386,TRG_055_TRG_088
-0.745323236225056,TRG_055_TRG_090
0.0210635209151862,TRG_055_TRG_095
-0.763553342801085,TRG_055_TRG_101
-0.918640384746286,TRG_057_TRG_059
1.74071578055658,TRG_057_TRG_063
1.42837521599046,TRG_057_TRG_064
-2.19532868958268,TRG_057_TRG_065
0.766119860040065,TRG_057_TRG_066
-0.801868331700574,TRG_057_TRG_072
-0.1254194727457,TRG_057_TRG_073
0.593794038707478,TRG_057_TRG_075
1.33214711859221,TRG_057_TRG_077
-0.518634722109361,TRG_057_TRG_088
1.90121172686385,TRG_057_TRG_090
-1.47326276638576,TRG_057_TRG_095
-0.808636035335723,TRG_057_TRG_101
0.474592913884389,TRG_059_TRG_063
-1.18434837693609,TRG_059_TRG_064
-0.402186819463183,TRG_059_TRG_065
-0.568734106687898,TRG_059_TRG_066
1.38547128442308,TRG_059_TRG_072
-1.5969977925495,TRG_059_TRG_073
1.68730858180779,TRG_059_TRG_075
0.57591688072184,TRG_059_TRG_077
-0.460456936940105,TRG_059_TRG_088
-0.812602191526377,TRG_059_TRG_090
1.88087412416281,TRG_059_TRG_095
0.268565072347877,TRG_059_TRG_101
1.0556587851908,TRG_063_TRG_064
-0.741157396126345,TRG_063_TRG_065
0.736615072576944,TRG_063_TRG_066
0.631954215698418,TRG_063_TRG_072
-0.194257882160738,TRG_063_TRG_073
1.1496812030573,TRG_063_TRG_075
1.59262960977152,TRG_063_TRG_077
0.0955953612669531,TRG_063_TRG_088
0.702336024521723,TRG_063_TRG_090
-0.888651445826804,TRG_063_TRG_095
0.156166814131141,TRG_063_TRG_101
-1.2804735678175,TRG_064_TRG_065
0.826131833622483,TRG_064_TRG_066
-0.264581217858501,TRG_064_TRG_072
-0.552080130668679,TRG_064_TRG_073
0.65995276981765,TRG_064_TRG_075
0.730424898019235,TRG_064_TRG_077
0.434913189718094,TRG_064_TRG_088
0.546640446644975,TRG_064_TRG_090
0.162115914628802,TRG_064_TRG_095
0.445570435676747,TRG_064_TRG_101
-1.06348609999976,TRG_065_TRG_066
0.308873466801214,TRG_065_TRG_072
-0.694848602427262,TRG_065_TRG_073
-0.321955447416572,TRG_065_TRG_075
-0.676139036888474,TRG_065_TRG_077
0.536073111710434,TRG_065_TRG_088
-1.22098344081608,TRG_065_TRG_090
0.0335086145460188,TRG_065_TRG_095
-0.369544170787261,TRG_065_TRG_101
-0.723046838270733,TRG_066_TRG_072
-0.757476271894704,TRG_066_TRG_073
-0.318796701432074,TRG_066_TRG_075
0.393064620143531,TRG_066_TRG_077
0.0307055593051042,TRG_066_TRG_088
-0.219732977736894,TRG_066_TRG_090
-0.616496022446249,TRG_066_TRG_095
-0.289642228958208,TRG_066_TRG_101
-0.0305760179334617,TRG_072_TRG_073
1.73849430726947,TRG_072_TRG_075
0.369972672908448,TRG_072_TRG_077
0.972740058809267,TRG_072_TRG_088
-1.06425975107977,TRG_072_TRG_090
0.470287981071464,TRG_072_TRG_095
-1.35549124406708,TRG_072_TRG_101
0.0996941945463389,TRG_073_TRG_075
-0.126681457282635,TRG_073_TRG_077
0.0593645018792909,TRG_073_TRG_088
0.551816275076458,TRG_073_TRG_090
-1.86026702524799,TRG_073_TRG_095
-0.280859865239316,TRG_073_TRG_101
1.31915290735448,TRG_075_TRG_077
0.444077566620278,TRG_075_TRG_088
0.27541486179364,TRG_075_TRG_090
0.781894035490571,TRG_075_TRG_095
-1.0882530280876,TRG_075_TRG_101
1.38551256742215,TRG_077_TRG_088
1.11128962133622,TRG_077_TRG_090
-0.0679880689971025,TRG_077_TRG_095
-0.336836636835288,TRG_077_TRG_101
0.733970894388239,TRG_088_TRG_090
-0.195177359820789,TRG_088_TRG_095
0.099701592578422,TRG_088_TRG_101
-1.47396753321527,TRG_090_TRG_095
-1.09016726464577,TRG_090_TRG_101
1.26676000104091,TRG_095_TRG_101
