0.679670040467052,TRG_004_TRG_007
0.86006961785495,TRG_004_TRG_010
-0.428967035397185,TRG_004_TRG_011
1.0510250428269,TRG_004_TRG_014
0.512385465840278,TRG_004_TRG_016
0.869374123315654,TRG_004_TRG_017
0.285215004123588,TRG_004_TRG_020
1.1454515093228,TRG_004_TRG_022
0.328735823762285,TRG_004_TRG_023
0.509563748836484,TRG_004_TRG_025
1.14631159054696,TRG_004_TRG_033
0.395431197964105,TRG_004_TRG_039
0.458889208409967,TRG_004_TRG_040
0.687781262052477,TRG_004_TRG_042
0.536931394182577,TRG_004_TRG_043
1.50358107512354,TRG_004_TRG_053
1.26147083930034,TRG_004_TRG_054
0.704643867967083,TRG_004_TRG_058
1.10870657666053,TRG_004_TRG_060
0.743995517264033,TRG_004_TRG_067
-1.25728044876282,TRG_004_TRG_068
0.0963458034831557,TRG_004_TRG_069
0.31340189131244,TRG_004_TRG_070
1.27856398415203,TRG_004_TRG_074
0.488316779852222,TRG_004_TRG_078
0.584909677539775,TRG_004_TRG_085
1.79959821858272,TRG_004_TRG_086
0.878219175904798,TRG_004_TRG_087
1.07561727279857,TRG_004_TRG_089
0.680835288288197,TRG_004_TRG_092
-1.2278154773032,TRG_004_TRG_093
0.882444426184309,TRG_004_TRG_094
0.654287741441073,TRG_004_TRG_097
-0.902508421940277,TRG_004_TRG_098
2.36860037328275,TRG_004_TRG_099
-0.328849841804856,TRG_004_TRG_103
0.673214885208869,TRG_007_TRG_010
-1.04001440385741,TRG_007_TRG_011
-0.583825483396197,TRG_007_TRG_014
-0.145079268859794,TRG_007_TRG_016
0.0875788303062946,TRG_007_TRG_017
0.367551561241494,TRG_007_TRG_020
-0.548185593954519,TRG_007_TRG_022
-0.921689497987756,TRG_007_TRG_023
-0.886491163576643,TRG_007_TRG_025
-0.251399144820065,TRG_007_TRG_033
-1.00065499065236,TRG_007_TRG_039
-0.454109593327457,TRG_007_TRG_040
-0.315938825293518,TRG_007_TRG_042
-0.360038713980461,TRG_007_TRG_043
-0.421487094876487,TRG_007_TRG_053
-0.301858622439853,TRG_007_TRG_054
-1.32558897626097,TRG_007_TRG_058
0.740015441718847,TRG_007_TRG_060
0.119558444395268,TRG_007_TRG_067
-1.35741378964973,TRG_007_TRG_068
0.958472633055125,TRG_007_TRG_069
-0.710486699751402,TRG_007_TRG_070
0.343211721843262,TRG_007_TRG_074
-0.693528668545981,TRG_007_TRG_078
-0.405062154226311,TRG_007_TRG_085
-0.200081310461903,TRG_007_TRG_086
-0.194796738081812,TRG_007_TRG_087
0.435387428643214,TRG_007_TRG_089
0.952362771965024,TRG_007_TRG_092
-1.70113285017313,TRG_007_TRG_093
-0.590628194056914,TRG_007_TRG_094
-0.783015521797605,TRG_007_TRG_097
-0.931436044336936,TRG_007_TRG_098
-0.0845586793313785,TRG_007_TRG_099
1.16578376599885,TRG_007_TRG_103
0.661042055361214,TRG_010_TRG_011
1.27056179768093,TRG_010_TRG_014
0.737198872630488,TRG_010_TRG_016
0.126893527281523,TRG_010_TRG_017
0.61416134977777,TRG_010_TRG_020
0.363808913071819,TRG_010_TRG_022
-0.404320442750316,TRG_010_TRG_023
0.313786942632697,TRG_010_TRG_025
0.266358964780401,TRG_010_TRG_033
0.836584499577437,TRG_010_TRG_039
1.29171376553383,TRG_010_TRG_040
1.38828042429977,TRG_010_TRG_042
-0.580647980183807,TRG_010_TRG_043
1.17781102821115,TRG_010_TRG_053
0.960965330040635,TRG_010_TRG_054
-0.00890055196722108,TRG_010_TRG_058
0.596184419320828,TRG_010_TRG_060
0.952841147748908,TRG_010_TRG_067
-0.895026005959566,TRG_010_TRG_068
0.616387833805884,TRG_010_TRG_069
0.146330896974653,TRG_010_TRG_070
0.569557306560251,TRG_010_TRG_074
-0.0707874241312439,TRG_010_TRG_078
0.389930991685085,TRG_010_TRG_085
0.548863389714282,TRG_010_TRG_086
0.403546774172435,TRG_010_TRG_087
0.936154404458448,TRG_010_TRG_089
1.45964505532103,TRG_010_TRG_092
-0.965338279577544,TRG_010_TRG_093
1.58231507456489,TRG_010_TRG_094
0.817934677903999,TRG_010_TRG_097
-0.419067921938534,TRG_010_TRG_098
1.27368467350592,TRG_010_TRG_099
-0.138572019082949,TRG_010_TRG_103
0.604331372554252,TRG_011_TRG_014
-0.261199832366862,TRG_011_TRG_016
-0.519564730744289,TRG_011_TRG_017
-0.794096188718744,TRG_011_TRG_020
0.349248226467331,TRG_011_TRG_022
-0.990609929520622,TRG_011_TRG_023
0.143363256354494,TRG_011_TRG_025
-0.225146086922634,TRG_011_TRG_033
-0.181162303728584,TRG_011_TRG_039
0.169202734063825,TRG_011_TRG_040
-0.350817306181853,TRG_011_TRG_042
-2.01388762894195,TRG_011_TRG_043
-0.0232597328923655,TRG_011_TRG_053
0.270903474297542,TRG_011_TRG_054
-0.361542253022432,TRG_011_TRG_058
-0.618311114385143,TRG_011_TRG_060
0.840041522911335,TRG_011_TRG_067
-1.09664810156617,TRG_011_TRG_068
-0.687373444723408,TRG_011_TRG_069
-0.22633874536031,TRG_011_TRG_070
-0.160358573345159,TRG_011_TRG_074
-0.198987108708879,TRG_011_TRG_078
-0.791221330519888,TRG_011_TRG_085
-0.78115388860493,TRG_011_TRG_086
-0.739484642805708,TRG_011_TRG_087
0.453614232486972,TRG_011_TRG_089
-0.215833072043511,TRG_011_TRG_092
-0.937875947778708,TRG_011_TRG_093
1.17901194914505,TRG_011_TRG_094
0.424742201330667,TRG_011_TRG_097
-0.463914989275855,TRG_011_TRG_098
-0.295035173346301,TRG_011_TRG_099
-0.782346347047356,TRG_011_TRG_103
0.324860184273182,TRG_014_TRG_016
1.01363968925723,TRG_014_TRG_017
0.281471214352997,TRG_014_TRG_020
0.688903701473219,TRG_014_TRG_022
0.00886039431464487,TRG_014_TRG_023
1.48473890485381,TRG_014_TRG_025
0.933971041678431,TRG_014_TRG_033
0.361206539996,TRG_014_TRG_039
1.13796105986014,TRG_014_TRG_040
0.627679581429979,TRG_014_TRG_042
-0.0624607409000468,TRG_014_TRG_043
0.946989531055205,TRG_014_TRG_053
0.870033676452776,TRG_014_TRG_054
0.735968343508005,TRG_014_TRG_058
1.01852423560423,TRG_014_TRG_060
1.01204715744475,TRG_014_TRG_067
-0.643077082784535,TRG_014_TRG_068
0.48892385684531,TRG_014_TRG_069
0.0267288901260669,TRG_014_TRG_070
1.71670138637695,TRG_014_TRG_074
-0.308789420367333,TRG_014_TRG_078
0.727250331692372,TRG_014_TRG_085
0.82092209287189,TRG_014_TRG_086
1.48666934479396,TRG_014_TRG_087
1.28983876104237,TRG_014_TRG_089
0.973925585968262,TRG_014_TRG_092
-0.080982482500761,TRG_014_TRG_093
1.20186735835664,TRG_014_TRG_094
0.769118595226583,TRG_014_TRG_097
-0.330352080372371,TRG_014_TRG_098
0.799427881821686,TRG_014_TRG_099
-0.217001193826482,TRG_014_TRG_103
0.295644495261391,TRG_016_TRG_017
0.410569687817757,TRG_016_TRG_020
0.662161515337048,TRG_016_TRG_022
-0.638722605711515,TRG_016_TRG_023
-0.511491689916961,TRG_016_TRG_025
0.0279370118795745,TRG_016_TRG_033
0.708772678392224,TRG_016_TRG_039
0.0289686565604069,TRG_016_TRG_040
1.81107160104806,TRG_016_TRG_042
-0.378847308910959,TRG_016_TRG_043
0.0755819959022729,TRG_016_TRG_053
-0.171611030333335,TRG_016_TRG_054
0.244049389099157,TRG_016_TRG_058
0.644287843490602,TRG_016_TRG_060
0.369372394684152,TRG_016_TRG_067
-1.20349571684419,TRG_016_TRG_068
0.345010479817801,TRG_016_TRG_069
0.249835674478103,TRG_016_TRG_070
0.762615624685991,TRG_016_TRG_074
-0.0993124539919171,TRG_016_TRG_078
0.654837976464851,TRG_016_TRG_085
0.107221369008031,TRG_016_TRG_086
0.588279991839965,TRG_016_TRG_087
-0.440676801269707,TRG_016_TRG_089
0.141898406651074,TRG_016_TRG_092
-1.89933197992573,TRG_016_TRG_093
1.18054343867476,TRG_016_TRG_094
0.30057014539012,TRG_016_TRG_097
-1.26866651489324,TRG_016_TRG_098
0.590697701268336,TRG_016_TRG_099
0.246755864991734,TRG_016_TRG_103
-0.100870796978385,TRG_017_TRG_020
0.282054597844663,TRG_017_TRG_022
0.56893463049586,TRG_017_TRG_023
0.360351675958996,TRG_017_TRG_025
0.408236530842628,TRG_017_TRG_033
0.17267113751457,TRG_017_TRG_039
0.677405448454113,TRG_017_TRG_040
0.319798844866417,TRG_017_TRG_042
0.0368702567368085,TRG_017_TRG_043
-0.163385235192783,TRG_017_TRG_053
0.205248439369779,TRG_017_TRG_054
-0.136567740067265,TRG_017_TRG_058
1.65421976642784,TRG_017_TRG_060
0.134467411224898,TRG_017_TRG_067
-0.913496511651614,TRG_017_TRG_068
1.38958671008578,TRG_017_TRG_069
1.1678250308536,TRG_017_TRG_070
1.71598916403034,TRG_017_TRG_074
-0.847890138096976,TRG_017_TRG_078
1.0564334437248,TRG_017_TRG_085
0.269634750223735,TRG_017_TRG_086
0.80649965354264,TRG_017_TRG_087
0.402066367495521,TRG_017_TRG_089
0.786899144007374,TRG_017_TRG_092
-0.313305810793315,TRG_017_TRG_093
0.746173917864359,TRG_017_TRG_094
-0.0942985193198874,TRG_017_TRG_097
-1.17054905562306,TRG_017_TRG_098
0.628375326861681,TRG_017_TRG_099
0.158722088378246,TRG_017_TRG_103
-0.274956610079728,TRG_020_TRG_022
-0.00132313934059869,TRG_020_TRG_023
-0.0343444986277565,TRG_020_TRG_025
0.680299074622781,TRG_020_TRG_033
-0.0261760355367677,TRG_020_TRG_039
0.903430659462067,TRG_020_TRG_040
0.917575043332178,TRG_020_TRG_042
1.09681867614806,TRG_020_TRG_043
0.00738314052910069,TRG_020_TRG_053
0.240388125859696,TRG_020_TRG_054
0.138526271892018,TRG_020_TRG_058
0.108282477684222,TRG_020_TRG_060
1.17689918290634,TRG_020_TRG_067
-0.931563946999505,TRG_020_TRG_068
-0.15733189007672,TRG_020_TRG_069
-0.332677268508517,TRG_020_TRG_070
0.260022001666193,TRG_020_TRG_074
-0.221250276345685,TRG_020_TRG_078
-0.645107957462454,TRG_020_TRG_085
0.523127784651933,TRG_020_TRG_086
0.497488350568418,TRG_020_TRG_087
-0.219306788760689,TRG_020_TRG_089
0.890075989655907,TRG_020_TRG_092
-1.13056398875405,TRG_020_TRG_093
0.890853233287583,TRG_020_TRG_094
0.0739952708866893,TRG_020_TRG_097
1.1100846224533,TRG_020_TRG_098
0.437575515587607,TRG_020_TRG_099
0.0938266933943872,TRG_020_TRG_103
-0.689092782980103,TRG_022_TRG_023
0.140216478853033,TRG_022_TRG_025
0.372283583513211,TRG_022_TRG_033
0.164094988250175,TRG_022_TRG_039
-0.0443183669383778,TRG_022_TRG_040
0.363101066504866,TRG_022_TRG_042
-1.32931270799579,TRG_022_TRG_043
0.749007285475597,TRG_022_TRG_053
1.04488249145409,TRG_022_TRG_054
0.0810366909031073,TRG_022_TRG_058
0.289479630171553,TRG_022_TRG_060
0.896665175950009,TRG_022_TRG_067
-1.57714590691375,TRG_022_TRG_068
-0.231732685413275,TRG_022_TRG_069
0.0133179733358634,TRG_022_TRG_070
0.554876742134545,TRG_022_TRG_074
0.167098441616714,TRG_022_TRG_078
-0.843664819855245,TRG_022_TRG_085
0.381282762892224,TRG_022_TRG_086
0.379733786505611,TRG_022_TRG_087
0.540552833469329,TRG_022_TRG_089
0.303167672638079,TRG_022_TRG_092
-1.41164960651172,TRG_022_TRG_093
0.780082851502447,TRG_022_TRG_094
-0.0274283580247652,TRG_022_TRG_097
-0.964257379743077,TRG_022_TRG_098
0.201424427376384,TRG_022_TRG_099
-0.743780425674236,TRG_022_TRG_103
-0.113045378128551,TRG_023_TRG_025
-0.322362710184887,TRG_023_TRG_033
-0.907167570789081,TRG_023_TRG_039
-0.486937984029482,TRG_023_TRG_040
0.0113683374459035,TRG_023_TRG_042
-0.861247466926966,TRG_023_TRG_043
-0.206882540347444,TRG_023_TRG_053
-0.254014715822392,TRG_023_TRG_054
0.522971262251316,TRG_023_TRG_058
0.20692085078119,TRG_023_TRG_060
0.0695162325399036,TRG_023_TRG_067
-1.19484948668911,TRG_023_TRG_068
-0.274195814631179,TRG_023_TRG_069
0.194188178728137,TRG_023_TRG_070
0.242963708215967,TRG_023_TRG_074
-1.1724961294841,TRG_023_TRG_078
0.211809748638803,TRG_023_TRG_085
0.11102362206694,TRG_023_TRG_086
-0.0485844660896284,TRG_023_TRG_087
-0.320780215188244,TRG_023_TRG_089
-0.467613478183713,TRG_023_TRG_092
-0.56036727528787,TRG_023_TRG_093
0.116080883947993,TRG_023_TRG_094
-0.639177426804358,TRG_023_TRG_097
-1.4389902435664,TRG_023_TRG_098
0.194178404091313,TRG_023_TRG_099
-1.06348499626214,TRG_023_TRG_103
1.36202416725756,TRG_025_TRG_033
1.54744977945688,TRG_025_TRG_039
0.726991958753849,TRG_025_TRG_040
0.915123782459728,TRG_025_TRG_042
-0.487199143456333,TRG_025_TRG_043
0.393244285432865,TRG_025_TRG_053
1.57332138421737,TRG_025_TRG_054
0.739402119707604,TRG_025_TRG_058
1.1905551767363,TRG_025_TRG_060
1.03497128526503,TRG_025_TRG_067
0.870438350391807,TRG_025_TRG_068
0.929962442824643,TRG_025_TRG_069
-0.108795552383823,TRG_025_TRG_070
1.3352985297442,TRG_025_TRG_074
0.0983280716026277,TRG_025_TRG_078
0.564922916325229,TRG_025_TRG_085
0.643757280662137,TRG_025_TRG_086
1.30338151176008,TRG_025_TRG_087
1.43792895244376,TRG_025_TRG_089
0.67289469955166,TRG_025_TRG_092
0.334711373844133,TRG_025_TRG_093
0.170582201532042,TRG_025_TRG_094
-0.0912478412112308,TRG_025_TRG_097
-0.78708538307035,TRG_025_TRG_098
0.214143803759985,TRG_025_TRG_099
-0.711365755969942,TRG_025_TRG_103
0.606863627480976,TRG_033_TRG_039
0.63739015481045,TRG_033_TRG_040
0.728509767679866,TRG_033_TRG_042
0.0271973788920961,TRG_033_TRG_043
1.29233673533909,TRG_033_TRG_053
1.66726914767867,TRG_033_TRG_054
0.150786694198289,TRG_033_TRG_058
0.897555182840058,TRG_033_TRG_060
1.48206346473832,TRG_033_TRG_067
0.0414540823727525,TRG_033_TRG_068
1.51596236440083,TRG_033_TRG_069
0.7027240507477,TRG_033_TRG_070
1.43080395487189,TRG_033_TRG_074
-0.450158131480371,TRG_033_TRG_078
0.762882267221229,TRG_033_TRG_085
1.48948034449711,TRG_033_TRG_086
1.74889302699023,TRG_033_TRG_087
2.19147254333367,TRG_033_TRG_089
1.06812532395175,TRG_033_TRG_092
-0.214155825112597,TRG_033_TRG_093
0.990895044243184,TRG_033_TRG_094
0.761064604524496,TRG_033_TRG_097
0.219280446612509,TRG_033_TRG_098
0.666710576134152,TRG_033_TRG_099
0.0082029835386326,TRG_033_TRG_103
-0.190337342374523,TRG_039_TRG_040
1.653697912328,TRG_039_TRG_042
-0.394472489166439,TRG_039_TRG_043
0.761475208454873,TRG_039_TRG_053
0.510815789473432,TRG_039_TRG_054
-0.946397627860987,TRG_039_TRG_058
0.185471758670849,TRG_039_TRG_060
0.655148747485783,TRG_039_TRG_067
-0.0417522994446476,TRG_039_TRG_068
-0.0076963987920433,TRG_039_TRG_069
0.312753288335242,TRG_039_TRG_070
0.975902047876867,TRG_039_TRG_074
0.376130129989214,TRG_039_TRG_078
0.346790657426221,TRG_039_TRG_085
0.669147620020853,TRG_039_TRG_086
1.34772869072515,TRG_039_TRG_087
0.497968665954774,TRG_039_TRG_089
0.0924618208831881,TRG_039_TRG_092
-0.915723005215093,TRG_039_TRG_093
0.55307458253503,TRG_039_TRG_094
0.102588784380413,TRG_039_TRG_097
-0.693908894649728,TRG_039_TRG_098
0.502448236592143,TRG_039_TRG_099
-0.57108057282062,TRG_039_TRG_103
0.580660699042894,TRG_040_TRG_042
0.862396649164105,TRG_040_TRG_043
-0.449461705116309,TRG_040_TRG_053
1.09337399532811,TRG_040_TRG_054
-0.254394560335947,TRG_040_TRG_058
0.604486549516984,TRG_040_TRG_060
-0.118950965602599,TRG_040_TRG_067
-0.172023747274035,TRG_040_TRG_068
0.455271381447964,TRG_040_TRG_069
-0.706338057050284,TRG_040_TRG_070
0.683500579402182,TRG_040_TRG_074
-0.750630934274878,TRG_040_TRG_078
0.493438748489011,TRG_040_TRG_085
-0.305352887431771,TRG_040_TRG_086
1.04015010901465,TRG_040_TRG_087
0.648394223744305,TRG_040_TRG_089
1.08018041822094,TRG_040_TRG_092
-0.266292187321853,TRG_040_TRG_093
0.699889347294451,TRG_040_TRG_094
0.964150172610423,TRG_040_TRG_097
-0.882585841639429,TRG_040_TRG_098
0.640138004125337,TRG_040_TRG_099
0.333994349371466,TRG_040_TRG_103
-0.143222221170887,TRG_042_TRG_043
0.287056298211106,TRG_042_TRG_053
0.930749765876219,TRG_042_TRG_054
-0.272877984180282,TRG_042_TRG_058
0.89756250288127,TRG_042_TRG_060
0.810270704561936,TRG_042_TRG_067
0.347413610914331,TRG_042_TRG_068
0.556536458854245,TRG_042_TRG_069
0.168179281979173,TRG_042_TRG_070
1.14581081857918,TRG_042_TRG_074
0.622121289747742,TRG_042_TRG_078
0.325466376881822,TRG_042_TRG_085
0.516896639470825,TRG_042_TRG_086
1.37994852019481,TRG_042_TRG_087
0.407984557206808,TRG_042_TRG_089
0.611238493211391,TRG_042_TRG_092
-1.09497383149472,TRG_042_TRG_093
0.718511605012509,TRG_042_TRG_094
-0.0144177776989467,TRG_042_TRG_097
-0.525560492943254,TRG_042_TRG_098
0.291121420571602,TRG_042_TRG_099
0.142604231072795,TRG_042_TRG_103
-0.725189256938026,TRG_043_TRG_053
-0.276793802772315,TRG_043_TRG_054
-0.335985065389759,TRG_043_TRG_058
0.27423003575281,TRG_043_TRG_060
-0.445450187706143,TRG_043_TRG_067
-1.69886564838092,TRG_043_TRG_068
-0.347797584315012,TRG_043_TRG_069
-0.820354981927637,TRG_043_TRG_070
0.389046465318077,TRG_043_TRG_074
-0.618525039079668,TRG_043_TRG_078
0.654928633565881,TRG_043_TRG_085
0.743959568514884,TRG_043_TRG_086
0.387248515347704,TRG_043_TRG_087
0.0974900792622026,TRG_043_TRG_089
0.414413338768811,TRG_043_TRG_092
-1.76386261390838,TRG_043_TRG_093
-0.625147666188703,TRG_043_TRG_094
0.212069941086005,TRG_043_TRG_097
-0.227390076373298,TRG_043_TRG_098
0.239984765282615,TRG_043_TRG_099
-0.967603820331472,TRG_043_TRG_103
0.833277934419692,TRG_053_TRG_054
0.0566479579581719,TRG_053_TRG_058
0.464542918581401,TRG_053_TRG_060
0.794074404847316,TRG_053_TRG_067
-1.0302690358463,TRG_053_TRG_068
-0.178323267172311,TRG_053_TRG_069
0.259543809883598,TRG_053_TRG_070
1.10473911238651,TRG_053_TRG_074
-0.841147043445134,TRG_053_TRG_078
0.0705984357842355,TRG_053_TRG_085
1.09426306888558,TRG_053_TRG_086
0.756801794134899,TRG_053_TRG_087
0.570765228812088,TRG_053_TRG_089
-0.0245669555522127,TRG_053_TRG_092
-0.570713393616223,TRG_053_TRG_093
1.15532950725034,TRG_053_TRG_094
0.824779544835029,TRG_053_TRG_097
-0.689336144684454,TRG_053_TRG_098
1.46807411535417,TRG_053_TRG_099
-0.714001786976013,TRG_053_TRG_103
0.368275542391343,TRG_054_TRG_058
0.800433986455281,TRG_054_TRG_060
0.442612659047241,TRG_054_TRG_067
0.451203479625011,TRG_054_TRG_068
1.1343689279696,TRG_054_TRG_069
-0.3398929513428,TRG_054_TRG_070
0.947040549471722,TRG_054_TRG_074
-0.222177354344111,TRG_054_TRG_078
0.649526052443816,TRG_054_TRG_085
0.852560022073543,TRG_054_TRG_086
1.14209838881013,TRG_054_TRG_087
1.74891008056634,TRG_054_TRG_089
1.45132084398578,TRG_054_TRG_092
0.039303237543461,TRG_054_TRG_093
0.590491137347315,TRG_054_TRG_094
-0.018723874257517,TRG_054_TRG_097
-0.830346679395712,TRG_054_TRG_098
0.528981168018399,TRG_054_TRG_099
0.214146591503981,TRG_054_TRG_103
0.0961683192922916,TRG_058_TRG_060
0.379749762707339,TRG_058_TRG_067
-2.26027048981603,TRG_058_TRG_068
-0.645067638514386,TRG_058_TRG_069
0.817018844330998,TRG_058_TRG_070
-0.35135108685793,TRG_058_TRG_074
-0.844204999532328,TRG_058_TRG_078
-0.392895808065524,TRG_058_TRG_085
0.28846626539475,TRG_058_TRG_086
-0.462135289794416,TRG_058_TRG_087
0.469518373938355,TRG_058_TRG_089
0.524123685914355,TRG_058_TRG_092
-0.371571407543115,TRG_058_TRG_093
1.18654227179648,TRG_058_TRG_094
0.281032533623378,TRG_058_TRG_097
-0.721622346957367,TRG_058_TRG_098
0.312011192590642,TRG_058_TRG_099
-1.27741064533231,TRG_058_TRG_103
0.371487249580391,TRG_060_TRG_067
0.0293652813845041,TRG_060_TRG_068
1.94196162118653,TRG_060_TRG_069
0.945785234212264,TRG_060_TRG_070
1.96572636264664,TRG_060_TRG_074
-0.0066140134383094,TRG_060_TRG_078
0.751319517037919,TRG_060_TRG_085
0.601675445661842,TRG_060_TRG_086
1.39252620398247,TRG_060_TRG_087
1.22961264106724,TRG_060_TRG_089
1.42243261179729,TRG_060_TRG_092
-0.0378993409840439,TRG_060_TRG_093
0.751455317938897,TRG_060_TRG_094
0.153542192670254,TRG_060_TRG_097
-1.30528359139958,TRG_060_TRG_098
1.06856015126791,TRG_060_TRG_099
0.0685452025097048,TRG_060_TRG_103
-0.39178895767338,TRG_067_TRG_068
0.215007023278601,TRG_067_TRG_069
0.879455398506671,TRG_067_TRG_070
0.944014417954876,TRG_067_TRG_074
0.134421468970518,TRG_067_TRG_078
-0.521304528569953,TRG_067_TRG_085
1.06300757332942,TRG_067_TRG_086
0.906731139824709,TRG_067_TRG_087
0.687884494302358,TRG_067_TRG_089
0.780702737939058,TRG_067_TRG_092
-0.693724536498534,TRG_067_TRG_093
1.686042475065,TRG_067_TRG_094
0.736539556056744,TRG_067_TRG_097
1.03999873587811,TRG_067_TRG_098
0.555186677413848,TRG_067_TRG_099
-0.0284837205234154,TRG_067_TRG_103
0.130138951358062,TRG_068_TRG_069
-1.63656185443352,TRG_068_TRG_070
-0.055085712924609,TRG_068_TRG_074
-0.769343564343284,TRG_068_TRG_078
-1.83069465270174,TRG_068_TRG_085
-1.1346919455186,TRG_068_TRG_086
0.0185091019014742,TRG_068_TRG_087
-0.0353825898487913,TRG_068_TRG_089
-0.3308422817768,TRG_068_TRG_092
-0.61534035500276,TRG_068_TRG_093
-1.3310542774524,TRG_068_TRG_094
-1.60419372574814,TRG_068_TRG_097
-1.15097671924826,TRG_068_TRG_098
-1.67077516807468,TRG_068_TRG_099
-1.03449007422538,TRG_068_TRG_103
0.111558907685044,TRG_069_TRG_070
1.81035416999589,TRG_069_TRG_074
-0.601357762984375,TRG_069_TRG_078
1.12814100793179,TRG_069_TRG_085
0.484312295131685,TRG_069_TRG_086
0.845396634402593,TRG_069_TRG_087
2.20771954318797,TRG_069_TRG_089
1.28704483921167,TRG_069_TRG_092
-0.441293509977663,TRG_069_TRG_093
-0.0608621371305534,TRG_069_TRG_094
-0.721079416843177,TRG_069_TRG_097
-1.10966940636015,TRG_069_TRG_098
0.00975141669436891,TRG_069_TRG_099
1.10491763235312,TRG_069_TRG_103
0.740860611834955,TRG_070_TRG_074
-0.50461514035951,TRG_070_TRG_078
0.329930597586722,TRG_070_TRG_085
0.872562178730869,TRG_070_TRG_086
0.467303374286841,TRG_070_TRG_087
0.195097284247357,TRG_070_TRG_089
-0.264062036046293,TRG_070_TRG_092
-0.306178894824017,TRG_070_TRG_093
1.15575800937464,TRG_070_TRG_094
0.138088133536707,TRG_070_TRG_097
-0.671172494070611,TRG_070_TRG_098
0.451964820457642,TRG_070_TRG_099
-0.921016267967736,TRG_070_TRG_103
0.120967909817337,TRG_074_TRG_078
0.961651322562034,TRG_074_TRG_085
1.05059650297946,TRG_074_TRG_086
1.76941870325383,TRG_074_TRG_087
1.30144238000282,TRG_074_TRG_089
1.23524789725452,TRG_074_TRG_092
-0.114676844293904,TRG_074_TRG_093
0.966135129928269,TRG_074_TRG_094
0.0841563601924127,TRG_074_TRG_097
-0.953316833457847,TRG_074_TRG_098
1.17141225207117,TRG_074_TRG_099
0.282169163680489,TRG_074_TRG_103
-0.115558085831907,TRG_078_TRG_085
0.376698174957126,TRG_078_TRG_086
-0.0011275060559479,TRG_078_TRG_087
-0.807288466322322,TRG_078_TRG_089
-0.377303411056308,TRG_078_TRG_092
-2.1551506664332,TRG_078_TRG_093
0.34531887732036,TRG_078_TRG_094
-0.917672261236725,TRG_078_TRG_097
-1.58882016700729,TRG_078_TRG_098
-0.315210950897985,TRG_078_TRG_099
-0.332686603670697,TRG_078_TRG_103
0.64343254315129,TRG_085_TRG_086
0.660577307428017,TRG_085_TRG_087
0.627634590196934,TRG_085_TRG_089
0.633836775147175,TRG_085_TRG_092
-0.810109120703929,TRG_085_TRG_093
-0.305758795940132,TRG_085_TRG_094
-0.286521041400397,TRG_085_TRG_097
-1.49105354543452,TRG_085_TRG_098
0.65771109185162,TRG_085_TRG_099
-0.956056383322183,TRG_085_TRG_103
1.18376003258413,TRG_086_TRG_087
0.974079467847378,TRG_086_TRG_089
0.849805257951515,TRG_086_TRG_092
-0.734325586541397,TRG_086_TRG_093
0.799030571117572,TRG_086_TRG_094
0.515795026166042,TRG_086_TRG_097
-0.289897236084649,TRG_086_TRG_098
1.26402434516983,TRG_086_TRG_099
-0.416008015283399,TRG_086_TRG_103
1.48849102142785,TRG_087_TRG_089
1.28847190149867,TRG_087_TRG_092
-0.258230961190463,TRG_087_TRG_093
0.877216453187507,TRG_087_TRG_094
0.590932686480303,TRG_087_TRG_097
-0.086737636388991,TRG_087_TRG_098
1.00920945968673,TRG_087_TRG_099
-0.404898283458256,TRG_087_TRG_103
1.30547801959347,TRG_089_TRG_092
-0.505829388724463,TRG_089_TRG_093
0.508341626481238,TRG_089_TRG_094
0.348819839794884,TRG_089_TRG_097
-0.882822610873742,TRG_089_TRG_098
0.791842593589463,TRG_089_TRG_099
0.396429462284164,TRG_089_TRG_103
-0.542814110727303,TRG_092_TRG_093
0.849015459432791,TRG_092_TRG_094
0.428797681523639,TRG_092_TRG_097
-0.569837307396347,TRG_092_TRG_098
0.221120577258406,TRG_092_TRG_099
0.443357059183751,TRG_092_TRG_103
-0.997902786399764,TRG_093_TRG_094
-0.984570637921119,TRG_093_TRG_097
-2.35716199018632,TRG_093_TRG_098
-1.25919236260342,TRG_093_TRG_099
-1.62312035368813,TRG_093_TRG_103
1.35440547698518,TRG_094_TRG_097
0.332347164299395,TRG_094_TRG_098
1.15491346954845,TRG_094_TRG_099
-0.470908363941408,TRG_094_TRG_103
-0.783060964814619,TRG_097_TRG_098
1.21055230473484,TRG_097_TRG_099
-0.703555397276537,TRG_097_TRG_103
-1.21132881056312,TRG_098_TRG_099
-1.98048439831854,TRG_098_TRG_103
-0.531391580340913,TRG_099_TRG_103
