0.902563965812674,TRG_004_TRG_007
0.246280210512428,TRG_004_TRG_010
-0.992955842115735,TRG_004_TRG_011
0.224154535060391,TRG_004_TRG_017
-0.779538750395982,TRG_004_TRG_020
-1.10550386657117,TRG_004_TRG_022
-0.869213491983296,TRG_004_TRG_023
0.248741090114622,TRG_004_TRG_025
0.214112728839671,TRG_004_TRG_033
0.260094432205157,TRG_004_TRG_039
0.286239819244659,TRG_004_TRG_040
0.38465936366602,TRG_004_TRG_042
-0.54782712629182,TRG_004_TRG_043
-0.336921156597985,TRG_004_TRG_053
0.342067354857103,TRG_004_TRG_054
-0.443754174162651,TRG_004_TRG_058
-1.0862159538986,TRG_004_TRG_060
0.0118984520955429,TRG_004_TRG_067
-0.27576394986251,TRG_004_TRG_068
-0.198915353216532,TRG_004_TRG_069
0.180555040475898,TRG_004_TRG_070
0.614206859300676,TRG_004_TRG_074
-0.933060393905907,TRG_004_TRG_078
-0.608355657561156,TRG_004_TRG_085
-0.547317421859487,TRG_004_TRG_086
-0.866612954259448,TRG_004_TRG_087
0.0979237596372629,TRG_004_TRG_089
1.14742356358122,TRG_004_TRG_092
-0.257112547943175,TRG_004_TRG_093
0.36840511136073,TRG_004_TRG_094
1.08806533831018,TRG_004_TRG_097
-3.72318776064743,TRG_004_TRG_098
-0.228878771091894,TRG_004_TRG_099
-1.28966558559851,TRG_004_TRG_103
-0.59964017457054,TRG_007_TRG_010
-0.466086917484422,TRG_007_TRG_011
1.66675122774143,TRG_007_TRG_017
0.0995878795163438,TRG_007_TRG_020
-0.492969826071768,TRG_007_TRG_022
0.153849713210034,TRG_007_TRG_023
0.900230234677233,TRG_007_TRG_025
1.11560890221502,TRG_007_TRG_033
1.08853745073157,TRG_007_TRG_039
0.0462739538570544,TRG_007_TRG_040
0.671241416107525,TRG_007_TRG_042
2.03393553832696,TRG_007_TRG_043
0.0928650792720781,TRG_007_TRG_053
1.68430051938345,TRG_007_TRG_054
0.419273947458291,TRG_007_TRG_058
0.188207932861438,TRG_007_TRG_060
1.60824848695144,TRG_007_TRG_067
0.0304497791864208,TRG_007_TRG_068
0.869946365454516,TRG_007_TRG_069
-0.800074977656426,TRG_007_TRG_070
0.511209808308484,TRG_007_TRG_074
1.12134086915288,TRG_007_TRG_078
0.036922415671899,TRG_007_TRG_085
-0.0628392173593513,TRG_007_TRG_086
0.498976684277369,TRG_007_TRG_087
0.850438224060815,TRG_007_TRG_089
1.29568254437124,TRG_007_TRG_092
0.362091484393946,TRG_007_TRG_093
1.1230036043242,TRG_007_TRG_094
1.53504036277268,TRG_007_TRG_097
-2.75415680055587,TRG_007_TRG_098
0.745875660519329,TRG_007_TRG_099
-0.155568320126967,TRG_007_TRG_103
-2.27068368239918,TRG_010_TRG_011
-1.87152363250248,TRG_010_TRG_017
-2.75696985861706,TRG_010_TRG_020
-2.37448441144896,TRG_010_TRG_022
-2.32493334505823,TRG_010_TRG_023
-2.28103499683422,TRG_010_TRG_025
-2.00273440511365,TRG_010_TRG_033
-1.56746706643721,TRG_010_TRG_039
-1.08606145452517,TRG_010_TRG_040
-1.66413227524347,TRG_010_TRG_042
-1.85450053355743,TRG_010_TRG_043
-2.17011950774767,TRG_010_TRG_053
-1.00049216038608,TRG_010_TRG_054
-2.64118871874915,TRG_010_TRG_058
-2.34199501736941,TRG_010_TRG_060
-1.17668486331313,TRG_010_TRG_067
-1.78767567449796,TRG_010_TRG_068
-0.734512051767073,TRG_010_TRG_069
-1.56717384597324,TRG_010_TRG_070
-1.66033735372057,TRG_010_TRG_074
-1.30109425776446,TRG_010_TRG_078
-2.18800528205042,TRG_010_TRG_085
-2.25090157446178,TRG_010_TRG_086
-1.90616870503469,TRG_010_TRG_087
-2.25875483136076,TRG_010_TRG_089
-0.945646277347567,TRG_010_TRG_092
-2.38650212711189,TRG_010_TRG_093
-2.15902233773049,TRG_010_TRG_094
-1.51663556840489,TRG_010_TRG_097
-5.00963380579569,TRG_010_TRG_098
-1.85591842614267,TRG_010_TRG_099
-2.73505968705276,TRG_010_TRG_103
-0.148202138694297,TRG_011_TRG_017
0.0786252194441537,TRG_011_TRG_020
0.637727338982816,TRG_011_TRG_022
0.0813729600102073,TRG_011_TRG_023
0.567403707011519,TRG_011_TRG_025
-0.294533019370471,TRG_011_TRG_033
-0.467068137507803,TRG_011_TRG_039
0.375263008190711,TRG_011_TRG_040
0.0168940823356048,TRG_011_TRG_042
-0.120529681095937,TRG_011_TRG_043
0.160870650128375,TRG_011_TRG_053
0.336246984601821,TRG_011_TRG_054
0.114035042949227,TRG_011_TRG_058
0.4595728021455,TRG_011_TRG_060
0.426953498219166,TRG_011_TRG_067
0.897817731352503,TRG_011_TRG_068
0.747645155434497,TRG_011_TRG_069
-0.41023707839803,TRG_011_TRG_070
-0.5259924873195,TRG_011_TRG_074
-0.405497084378903,TRG_011_TRG_078
0.449382259996887,TRG_011_TRG_085
1.15172265253168,TRG_011_TRG_086
0.210361814600599,TRG_011_TRG_087
-0.0773598610906656,TRG_011_TRG_089
0.254081029461499,TRG_011_TRG_092
0.372302764684554,TRG_011_TRG_093
-0.465949747282385,TRG_011_TRG_094
0.033265593867168,TRG_011_TRG_097
-2.96568800424163,TRG_011_TRG_098
0.558224163622523,TRG_011_TRG_099
-1.30285754452536,TRG_011_TRG_103
-0.0368419437803815,TRG_017_TRG_020
-0.440551166781203,TRG_017_TRG_022
0.459383646452265,TRG_017_TRG_023
0.387518486064119,TRG_017_TRG_025
1.91295797861263,TRG_017_TRG_033
0.449149190996198,TRG_017_TRG_039
0.576772570344078,TRG_017_TRG_040
0.399603551257655,TRG_017_TRG_042
1.76430849879709,TRG_017_TRG_043
0.515847891062192,TRG_017_TRG_053
1.26544370359003,TRG_017_TRG_054
-0.512438073671409,TRG_017_TRG_058
0.951994041225044,TRG_017_TRG_060
1.42588065210753,TRG_017_TRG_067
0.869701363740129,TRG_017_TRG_068
0.713306123455874,TRG_017_TRG_069
-0.666602933249729,TRG_017_TRG_070
-0.51541947688746,TRG_017_TRG_074
0.130477357649385,TRG_017_TRG_078
0.0932882103274207,TRG_017_TRG_085
0.76574511699973,TRG_017_TRG_086
0.935596945931134,TRG_017_TRG_087
1.20491584337383,TRG_017_TRG_089
1.81418161342135,TRG_017_TRG_092
0.465988291271439,TRG_017_TRG_093
0.672390776192797,TRG_017_TRG_094
1.60569341985605,TRG_017_TRG_097
-3.50213113124295,TRG_017_TRG_098
0.88413944787822,TRG_017_TRG_099
-0.699567660040776,TRG_017_TRG_103
1.92278605341316,TRG_020_TRG_022
-0.716243766156033,TRG_020_TRG_023
1.62827690073797,TRG_020_TRG_025
0.228962346398768,TRG_020_TRG_033
0.895437504209784,TRG_020_TRG_039
-0.0437864625298066,TRG_020_TRG_040
1.48688262493102,TRG_020_TRG_042
-0.599445107674297,TRG_020_TRG_043
1.32069597138893,TRG_020_TRG_053
0.13836529777148,TRG_020_TRG_054
2.4249051566651,TRG_020_TRG_058
1.2850443355458,TRG_020_TRG_060
1.10685504854102,TRG_020_TRG_067
0.661912062114029,TRG_020_TRG_068
-0.60032955500343,TRG_020_TRG_069
-1.08124034635459,TRG_020_TRG_070
1.74485922450221,TRG_020_TRG_074
-1.37140804400506,TRG_020_TRG_078
0.0828915253832348,TRG_020_TRG_085
0.278213335115027,TRG_020_TRG_086
-0.299978883095871,TRG_020_TRG_087
0.0805225027364123,TRG_020_TRG_089
-0.306755620777512,TRG_020_TRG_092
1.94124362567119,TRG_020_TRG_093
0.462009094741729,TRG_020_TRG_094
0.702537932129207,TRG_020_TRG_097
-1.38727992576443,TRG_020_TRG_098
0.4378684869269,TRG_020_TRG_099
0.0649113518003005,TRG_020_TRG_103
-1.0077119576358,TRG_022_TRG_023
1.28624120846903,TRG_022_TRG_025
0.093331499282905,TRG_022_TRG_033
0.227916808206621,TRG_022_TRG_039
0.748350419813616,TRG_022_TRG_040
1.39830496980965,TRG_022_TRG_042
0.489506150867307,TRG_022_TRG_043
1.35171829050224,TRG_022_TRG_053
0.223130682437402,TRG_022_TRG_054
1.85063749601687,TRG_022_TRG_058
1.25433830877547,TRG_022_TRG_060
0.371592214687265,TRG_022_TRG_067
1.26421554129164,TRG_022_TRG_068
0.759118241658497,TRG_022_TRG_069
-0.102253875347421,TRG_022_TRG_070
1.27268141835609,TRG_022_TRG_074
-1.45484666513101,TRG_022_TRG_078
-0.162947870365948,TRG_022_TRG_085
1.58559773023709,TRG_022_TRG_086
-0.152545911001404,TRG_022_TRG_087
0.0382403614215388,TRG_022_TRG_089
0.204395041531791,TRG_022_TRG_092
0.952394987901171,TRG_022_TRG_093
0.233314071063028,TRG_022_TRG_094
0.619867750861781,TRG_022_TRG_097
-2.48793481543807,TRG_022_TRG_098
0.601429152310452,TRG_022_TRG_099
-0.100606069868516,TRG_022_TRG_103
0.0613463849338684,TRG_023_TRG_025
0.797406994010177,TRG_023_TRG_033
-0.548945015804208,TRG_023_TRG_039
0.342890333811162,TRG_023_TRG_040
-0.519647898365846,TRG_023_TRG_042
0.526223456174808,TRG_023_TRG_043
-0.122703552855658,TRG_023_TRG_053
-0.889970407003693,TRG_023_TRG_054
-0.303440737245711,TRG_023_TRG_058
0.127076689260368,TRG_023_TRG_060
-0.0404512733574371,TRG_023_TRG_067
0.768330719648185,TRG_023_TRG_068
0.289553732290245,TRG_023_TRG_069
-0.62448074012541,TRG_023_TRG_070
-0.889452513517886,TRG_023_TRG_074
-1.15313862808267,TRG_023_TRG_078
0.555905427513124,TRG_023_TRG_085
0.191792119241721,TRG_023_TRG_086
1.29384468527002,TRG_023_TRG_087
0.117342614414144,TRG_023_TRG_089
0.762954215074964,TRG_023_TRG_092
0.263464056394591,TRG_023_TRG_093
-0.92924982932696,TRG_023_TRG_094
-0.328206246866489,TRG_023_TRG_097
-3.81071682991611,TRG_023_TRG_098
1.52199922224302,TRG_023_TRG_099
-1.95237223845866,TRG_023_TRG_103
0.350465072598487,TRG_025_TRG_033
1.04399904192769,TRG_025_TRG_039
0.279991531497732,TRG_025_TRG_040
1.04696805077031,TRG_025_TRG_042
0.578297204792798,TRG_025_TRG_043
0.834299805748597,TRG_025_TRG_053
0.886100385787697,TRG_025_TRG_054
1.94723894116091,TRG_025_TRG_058
1.18705820389809,TRG_025_TRG_060
-0.0670213962442767,TRG_025_TRG_067
0.872974381334277,TRG_025_TRG_068
0.427049688437364,TRG_025_TRG_069
-0.47666381632038,TRG_025_TRG_070
1.20389227789647,TRG_025_TRG_074
-0.798707083762938,TRG_025_TRG_078
0.539863092537455,TRG_025_TRG_085
0.630043007406071,TRG_025_TRG_086
0.479586425284727,TRG_025_TRG_087
0.0911700999793024,TRG_025_TRG_089
0.143645398756237,TRG_025_TRG_092
1.80438704306024,TRG_025_TRG_093
2.12450411253941,TRG_025_TRG_094
1.8259931076343,TRG_025_TRG_097
-2.27606110578378,TRG_025_TRG_098
1.09077034002225,TRG_025_TRG_099
-0.859911623104075,TRG_025_TRG_103
1.0455524495656,TRG_033_TRG_039
0.940876215395261,TRG_033_TRG_040
0.994589974718839,TRG_033_TRG_042
0.679511269759898,TRG_033_TRG_043
1.42081299369305,TRG_033_TRG_053
0.56410871171111,TRG_033_TRG_054
0.408645884338846,TRG_033_TRG_058
0.395798126498175,TRG_033_TRG_060
0.621957982166465,TRG_033_TRG_067
1.4427410235549,TRG_033_TRG_068
0.263924937720253,TRG_033_TRG_069
-0.298348252930562,TRG_033_TRG_070
0.0707178400058934,TRG_033_TRG_074
-1.13562104694033,TRG_033_TRG_078
0.32956017996307,TRG_033_TRG_085
1.05383306831527,TRG_033_TRG_086
0.64231584388107,TRG_033_TRG_087
1.6591006347539,TRG_033_TRG_089
1.90564084603398,TRG_033_TRG_092
0.4363417075089,TRG_033_TRG_093
-0.0073847478643901,TRG_033_TRG_094
1.36783516866129,TRG_033_TRG_097
-3.40291786980027,TRG_033_TRG_098
1.11174400050444,TRG_033_TRG_099
-1.32557974037668,TRG_033_TRG_103
0.608559410374054,TRG_039_TRG_040
1.31120152888996,TRG_039_TRG_042
0.222657688793984,TRG_039_TRG_043
1.3886338659425,TRG_039_TRG_053
0.173293881397248,TRG_039_TRG_054
0.769934135494549,TRG_039_TRG_058
0.0555976476024145,TRG_039_TRG_060
0.16984899998874,TRG_039_TRG_067
1.06927754612062,TRG_039_TRG_068
-0.192243109565894,TRG_039_TRG_069
-0.688481529897573,TRG_039_TRG_070
0.886398605004981,TRG_039_TRG_074
-0.691771475506655,TRG_039_TRG_078
0.476494858572826,TRG_039_TRG_085
0.112463691463639,TRG_039_TRG_086
0.606642394807571,TRG_039_TRG_087
0.324179026783302,TRG_039_TRG_089
0.622924046176102,TRG_039_TRG_092
0.722146527621054,TRG_039_TRG_093
0.858971060609822,TRG_039_TRG_094
1.505742872764,TRG_039_TRG_097
-2.14073476688191,TRG_039_TRG_098
-0.0670356845870845,TRG_039_TRG_099
-0.66335193616205,TRG_039_TRG_103
0.319237169792226,TRG_040_TRG_042
-0.631362340678994,TRG_040_TRG_043
1.22198689595729,TRG_040_TRG_053
0.270066168364583,TRG_040_TRG_054
0.594820619706417,TRG_040_TRG_058
0.567488646581947,TRG_040_TRG_060
-0.279054070839232,TRG_040_TRG_067
1.76008104015008,TRG_040_TRG_068
1.86451635907112,TRG_040_TRG_069
1.099767971835,TRG_040_TRG_070
0.281779453273838,TRG_040_TRG_074
-1.58083706494413,TRG_040_TRG_078
1.13093719539913,TRG_040_TRG_085
1.30454601843972,TRG_040_TRG_086
0.765334682251321,TRG_040_TRG_087
0.475168795635781,TRG_040_TRG_089
1.3163841133763,TRG_040_TRG_092
-0.195826259849067,TRG_040_TRG_093
-0.601060592864781,TRG_040_TRG_094
0.604008638064121,TRG_040_TRG_097
-3.34472615207975,TRG_040_TRG_098
1.17242613179691,TRG_040_TRG_099
-0.422841018754532,TRG_040_TRG_103
0.251187823208448,TRG_042_TRG_043
2.09273641355213,TRG_042_TRG_053
0.484187250364714,TRG_042_TRG_054
1.74130750713295,TRG_042_TRG_058
0.368909747395272,TRG_042_TRG_060
-0.396513972431832,TRG_042_TRG_067
1.25716913049321,TRG_042_TRG_068
-0.311230450477063,TRG_042_TRG_069
-0.28940722774349,TRG_042_TRG_070
1.57248722992431,TRG_042_TRG_074
-0.771135563849834,TRG_042_TRG_078
-0.0381467309104278,TRG_042_TRG_085
1.03317596020904,TRG_042_TRG_086
-0.0660299725844156,TRG_042_TRG_087
0.857244726061024,TRG_042_TRG_089
0.827615423926112,TRG_042_TRG_092
1.00135105372942,TRG_042_TRG_093
0.118299593027283,TRG_042_TRG_094
1.28502842434722,TRG_042_TRG_097
-2.58258849820284,TRG_042_TRG_098
0.204495711753663,TRG_042_TRG_099
-0.296943410983597,TRG_042_TRG_103
0.493151086586555,TRG_043_TRG_053
1.59176268936513,TRG_043_TRG_054
0.606197811600748,TRG_043_TRG_058
0.0796201332749329,TRG_043_TRG_060
1.50984329748216,TRG_043_TRG_067
-0.34469009576567,TRG_043_TRG_068
0.902800655542265,TRG_043_TRG_069
-1.622707203568,TRG_043_TRG_070
-0.0470538831458734,TRG_043_TRG_074
0.934893533386108,TRG_043_TRG_078
-0.226282423354952,TRG_043_TRG_085
-0.371124318575632,TRG_043_TRG_086
0.780871497156716,TRG_043_TRG_087
0.520504256153244,TRG_043_TRG_089
0.558533054213672,TRG_043_TRG_092
0.25067747382927,TRG_043_TRG_093
0.331992079132998,TRG_043_TRG_094
1.03922258894015,TRG_043_TRG_097
-2.65113607739189,TRG_043_TRG_098
0.239344944694186,TRG_043_TRG_099
-0.0344595875395765,TRG_043_TRG_103
0.550878074230201,TRG_053_TRG_054
1.61955542253731,TRG_053_TRG_058
1.22501690884148,TRG_053_TRG_060
-0.0245546150943956,TRG_053_TRG_067
1.88233483574995,TRG_053_TRG_068
0.335550844238247,TRG_053_TRG_069
0.616377326877702,TRG_053_TRG_070
1.11975122312824,TRG_053_TRG_074
-0.927573555143833,TRG_053_TRG_078
0.498448805496974,TRG_053_TRG_085
1.40854996133611,TRG_053_TRG_086
0.661901763856784,TRG_053_TRG_087
0.393646742364156,TRG_053_TRG_089
1.11957452348092,TRG_053_TRG_092
0.895033448909136,TRG_053_TRG_093
-0.254423103213702,TRG_053_TRG_094
0.423457273770398,TRG_053_TRG_097
-2.66257629976701,TRG_053_TRG_098
0.938587594444572,TRG_053_TRG_099
0.410132369492615,TRG_053_TRG_103
-0.0566704443878612,TRG_054_TRG_058
0.520953904412078,TRG_054_TRG_060
1.08367051927907,TRG_054_TRG_067
-0.0198649804389242,TRG_054_TRG_068
1.69800431894007,TRG_054_TRG_069
-0.347636198699794,TRG_054_TRG_070
0.10689205148439,TRG_054_TRG_074
0.445201491870319,TRG_054_TRG_078
0.193030211652209,TRG_054_TRG_085
0.308833125373094,TRG_054_TRG_086
0.46563751058675,TRG_054_TRG_087
0.702993483289163,TRG_054_TRG_089
0.532606262287267,TRG_054_TRG_092
0.359635582002095,TRG_054_TRG_093
0.88910108037788,TRG_054_TRG_094
1.23942781031181,TRG_054_TRG_097
-3.52654275317604,TRG_054_TRG_098
0.128860175183421,TRG_054_TRG_099
0.0990175240673083,TRG_054_TRG_103
1.2386028007188,TRG_058_TRG_060
0.052772176004262,TRG_058_TRG_067
1.16080298487804,TRG_058_TRG_068
0.0702618740321527,TRG_058_TRG_069
0.1296558944787,TRG_058_TRG_070
2.0154377962227,TRG_058_TRG_074
-1.45939840581237,TRG_058_TRG_078
0.144810163361067,TRG_058_TRG_085
0.803534280253893,TRG_058_TRG_086
-0.0107542712395757,TRG_058_TRG_087
0.0685395761905504,TRG_058_TRG_089
0.0437672410834082,TRG_058_TRG_092
1.4422431643557,TRG_058_TRG_093
0.547110402108125,TRG_058_TRG_094
0.910181876267309,TRG_058_TRG_097
-2.24553447165372,TRG_058_TRG_098
1.12893727096232,TRG_058_TRG_099
-0.0924646076358696,TRG_058_TRG_103
0.574924420647098,TRG_060_TRG_067
0.848807313074327,TRG_060_TRG_068
0.968483012360046,TRG_060_TRG_069
-0.703935957459986,TRG_060_TRG_070
0.54387165190953,TRG_060_TRG_074
-0.798205347685382,TRG_060_TRG_078
0.682439790063294,TRG_060_TRG_085
0.472764895007735,TRG_060_TRG_086
0.9372228003774,TRG_060_TRG_087
-0.141674929192035,TRG_060_TRG_089
0.530645942494101,TRG_060_TRG_092
0.953755670597764,TRG_060_TRG_093
-0.114371774431753,TRG_060_TRG_094
-0.177803762947262,TRG_060_TRG_097
-2.67625383675521,TRG_060_TRG_098
1.69823939956809,TRG_060_TRG_099
-0.0420827250390054,TRG_060_TRG_103
-0.100090834376643,TRG_067_TRG_068
0.56363647863227,TRG_067_TRG_069
-1.44853579759155,TRG_067_TRG_070
-0.469100535856761,TRG_067_TRG_074
0.469958338874659,TRG_067_TRG_078
-0.614724817699114,TRG_067_TRG_085
-0.350910798769348,TRG_067_TRG_086
0.4450305627534,TRG_067_TRG_087
0.344625550317571,TRG_067_TRG_089
0.966131059088338,TRG_067_TRG_092
1.09191720857015,TRG_067_TRG_093
-0.0122064696645228,TRG_067_TRG_094
0.762773256464157,TRG_067_TRG_097
-2.62003800373782,TRG_067_TRG_098
0.506006302343221,TRG_067_TRG_099
-0.844468711473601,TRG_067_TRG_103
0.847824056886729,TRG_068_TRG_069
0.644876466686283,TRG_068_TRG_070
0.885225212712564,TRG_068_TRG_074
-0.927160522862902,TRG_068_TRG_078
0.614319944297943,TRG_068_TRG_085
2.20720829704803,TRG_068_TRG_086
1.48318281654827,TRG_068_TRG_087
1.13499957072241,TRG_068_TRG_089
1.59290515234438,TRG_068_TRG_092
0.567620284984008,TRG_068_TRG_093
-0.0605804094518683,TRG_068_TRG_094
0.599040897024081,TRG_068_TRG_097
-3.12604141948045,TRG_068_TRG_098
1.57885184051889,TRG_068_TRG_099
-1.0903689255951,TRG_068_TRG_103
0.238491347036158,TRG_069_TRG_070
-0.197468030862754,TRG_069_TRG_074
-0.378678722972613,TRG_069_TRG_078
1.07603071769628,TRG_069_TRG_085
0.642452354773807,TRG_069_TRG_086
1.41663079992816,TRG_069_TRG_087
-0.0809970807711961,TRG_069_TRG_089
0.793547158633653,TRG_069_TRG_092
0.188543467707847,TRG_069_TRG_093
0.295422585324079,TRG_069_TRG_094
0.368214407737068,TRG_069_TRG_097
-3.40769139641409,TRG_069_TRG_098
1.24682435739003,TRG_069_TRG_099
0.18552356073493,TRG_069_TRG_103
-0.969939902728903,TRG_070_TRG_074
-2.35366091772054,TRG_070_TRG_078
0.0615927483274146,TRG_070_TRG_085
0.828870442721988,TRG_070_TRG_086
-0.31947780386727,TRG_070_TRG_087
-0.925461941720293,TRG_070_TRG_089
0.668933571238828,TRG_070_TRG_092
-0.235425718638698,TRG_070_TRG_093
-1.24156766622545,TRG_070_TRG_094
-0.456949439576081,TRG_070_TRG_097
-3.44240349232232,TRG_070_TRG_098
-0.0577836280825313,TRG_070_TRG_099
-1.07062165876038,TRG_070_TRG_103
-1.28891851637334,TRG_074_TRG_078
-0.67190788136707,TRG_074_TRG_085
0.178805616123925,TRG_074_TRG_086
-0.637547081796552,TRG_074_TRG_087
-0.436034790156062,TRG_074_TRG_089
0.420238095310884,TRG_074_TRG_092
0.762787440802452,TRG_074_TRG_093
0.453927598979295,TRG_074_TRG_094
0.933273232652328,TRG_074_TRG_097
-2.58380290081869,TRG_074_TRG_098
0.398316027426724,TRG_074_TRG_099
-0.456094492035583,TRG_074_TRG_103
-1.62985277052786,TRG_078_TRG_085
-1.44130278241992,TRG_078_TRG_086
-0.678546755554046,TRG_078_TRG_087
-0.847768098732738,TRG_078_TRG_089
-0.566838992868922,TRG_078_TRG_092
-0.371850099230269,TRG_078_TRG_093
-0.347613532463136,TRG_078_TRG_094
-0.281011069827172,TRG_078_TRG_097
-3.54849974832602,TRG_078_TRG_098
-0.824461059994913,TRG_078_TRG_099
-2.54239549192458,TRG_078_TRG_103
0.39698793495078,TRG_085_TRG_086
1.32077938879599,TRG_085_TRG_087
0.230822429698552,TRG_085_TRG_089
0.322749727686861,TRG_085_TRG_092
-0.170208177571449,TRG_085_TRG_093
-0.354504280938799,TRG_085_TRG_094
-0.131380076496104,TRG_085_TRG_097
-2.65358302940145,TRG_085_TRG_098
0.795148808084314,TRG_085_TRG_099
-0.246502163289237,TRG_085_TRG_103
0.540354872663989,TRG_086_TRG_087
0.684808892973075,TRG_086_TRG_089
1.5431478792476,TRG_086_TRG_092
0.215649872944283,TRG_086_TRG_093
-0.27746330166588,TRG_086_TRG_094
0.486704503260606,TRG_086_TRG_097
-3.24705954367184,TRG_086_TRG_098
1.18602369627206,TRG_086_TRG_099
-1.25994710858391,TRG_086_TRG_103
0.330267682809922,TRG_087_TRG_089
0.513287123296021,TRG_087_TRG_092
0.313848775670891,TRG_087_TRG_093
-0.0337049934589033,TRG_087_TRG_094
0.138361051813166,TRG_087_TRG_097
-3.27417487422844,TRG_087_TRG_098
1.15852490155223,TRG_087_TRG_099
-0.75657411893563,TRG_087_TRG_103
1.34123094106011,TRG_089_TRG_092
-0.0738201965852111,TRG_089_TRG_093
-0.09173849737578,TRG_089_TRG_094
1.55971357181628,TRG_089_TRG_097
-2.95285864346083,TRG_089_TRG_098
0.716201795963922,TRG_089_TRG_099
-1.02322451977439,TRG_089_TRG_103
-0.154706477883707,TRG_092_TRG_093
-0.0297317773021663,TRG_092_TRG_094
1.2252759805531,TRG_092_TRG_097
-3.31238739720386,TRG_092_TRG_098
1.34491313807702,TRG_092_TRG_099
-1.00867930271336,TRG_092_TRG_103
1.01383270798626,TRG_093_TRG_094
1.07895909693889,TRG_093_TRG_097
-2.27389797845746,TRG_093_TRG_098
0.400525222872056,TRG_093_TRG_099
-1.16300427373311,TRG_093_TRG_103
1.86970500791616,TRG_094_TRG_097
-2.51448247036652,TRG_094_TRG_098
-0.219361439447525,TRG_094_TRG_099
-0.96378991046473,TRG_094_TRG_103
-2.65573847669242,TRG_097_TRG_098
0.231743612902471,TRG_097_TRG_099
-0.655522514433528,TRG_097_TRG_103
-3.336870569301,TRG_098_TRG_099
-1.54036667256483,TRG_098_TRG_103
-0.85078048426966,TRG_099_TRG_103
