-0.749611359859452,TRG_003_TRG_005
0.333663789435123,TRG_003_TRG_006
0.112342553474928,TRG_003_TRG_013
-0.619402932687258,TRG_003_TRG_018
-0.901842743624131,TRG_003_TRG_019
1.28436039211488,TRG_003_TRG_021
-0.910812752554465,TRG_003_TRG_024
0.303044658874134,TRG_003_TRG_026
0.651148121721706,TRG_003_TRG_027
0.982102187991403,TRG_003_TRG_032
1.74945134752074,TRG_003_TRG_034
0.263504718444638,TRG_003_TRG_035
1.66051972101274,TRG_003_TRG_036
-0.442910945267177,TRG_003_TRG_037
0.621356349044405,TRG_003_TRG_038
0.790290430002492,TRG_003_TRG_041
0.505425011170925,TRG_003_TRG_045
-0.5463966311311,TRG_003_TRG_046
0.361915596017782,TRG_003_TRG_047
0.476181885462156,TRG_003_TRG_051
-0.56237222148937,TRG_003_TRG_055
-0.165665583392919,TRG_003_TRG_057
0.562358233339216,TRG_003_TRG_059
-1.16036251391794,TRG_003_TRG_063
-0.0240595908831492,TRG_003_TRG_064
0.0879887493717423,TRG_003_TRG_065
-1.33183663060362,TRG_003_TRG_066
0.771500294062793,TRG_003_TRG_072
0.860064282120555,TRG_003_TRG_073
0.55052039077679,TRG_003_TRG_075
-0.649964823142661,TRG_003_TRG_077
0.270800253201443,TRG_003_TRG_083
-0.244605199076851,TRG_003_TRG_088
1.03402858817846,TRG_003_TRG_090
-1.33643807674926,TRG_003_TRG_095
0.213976805300515,TRG_003_TRG_101
0.460034851118522,TRG_005_TRG_006
0.724202259827559,TRG_005_TRG_013
0.720828576951524,TRG_005_TRG_018
1.20814976618281,TRG_005_TRG_019
0.526074383029808,TRG_005_TRG_021
0.306279305263274,TRG_005_TRG_024
-0.4926243149658,TRG_005_TRG_026
0.280498478119299,TRG_005_TRG_027
0.836871647505737,TRG_005_TRG_032
-0.841780983807785,TRG_005_TRG_034
-1.60259433712342,TRG_005_TRG_035
-2.30028542050303,TRG_005_TRG_036
1.22647176567632,TRG_005_TRG_037
-0.871442270565864,TRG_005_TRG_038
-0.381779764482727,TRG_005_TRG_041
0.729405175249202,TRG_005_TRG_045
1.55717015631594,TRG_005_TRG_046
0.0399242414031254,TRG_005_TRG_047
1.64726682815765,TRG_005_TRG_051
0.804166887733822,TRG_005_TRG_055
-3.33544141433318,TRG_005_TRG_057
-1.36795588128835,TRG_005_TRG_059
0.992394009802501,TRG_005_TRG_063
1.87221055494252,TRG_005_TRG_064
-1.92769232861108,TRG_005_TRG_065
-0.4280767624162,TRG_005_TRG_066
-0.65695893006038,TRG_005_TRG_072
-0.185229876072174,TRG_005_TRG_073
0.337193322403307,TRG_005_TRG_075
0.491419077083771,TRG_005_TRG_077
-2.0196351328403,TRG_005_TRG_083
1.69946330314837,TRG_005_TRG_088
-0.112263997087075,TRG_005_TRG_090
1.10402661145974,TRG_005_TRG_095
0.324544364928515,TRG_005_TRG_101
-0.0599573913021094,TRG_006_TRG_013
-0.656974940971821,TRG_006_TRG_018
-1.8567787365612,TRG_006_TRG_019
2.00944402016707,TRG_006_TRG_021
-1.43177223624621,TRG_006_TRG_024
1.75644038373857,TRG_006_TRG_026
0.153278201359899,TRG_006_TRG_027
1.11905696141296,TRG_006_TRG_032
0.386684562980701,TRG_006_TRG_034
-0.623690982849875,TRG_006_TRG_035
-0.258171680921453,TRG_006_TRG_036
0.959337815189291,TRG_006_TRG_037
-0.669324739123278,TRG_006_TRG_038
-1.60942042290626,TRG_006_TRG_041
-1.31564809585154,TRG_006_TRG_045
-0.170326507880412,TRG_006_TRG_046
2.20376681022703,TRG_006_TRG_047
-0.0433597211816833,TRG_006_TRG_051
1.61933648800366,TRG_006_TRG_055
-1.55135672550903,TRG_006_TRG_057
0.308947091328678,TRG_006_TRG_059
0.405927313942458,TRG_006_TRG_063
0.640685831447679,TRG_006_TRG_064
-0.221450327831082,TRG_006_TRG_065
-0.515897717253738,TRG_006_TRG_066
0.415046974042754,TRG_006_TRG_072
-0.79719855515012,TRG_006_TRG_073
0.36681955820555,TRG_006_TRG_075
-0.517979734229619,TRG_006_TRG_077
-2.59029461037164,TRG_006_TRG_083
0.513143129047295,TRG_006_TRG_088
1.2476713312371,TRG_006_TRG_090
-1.18986004593394,TRG_006_TRG_095
-1.38529459394261,TRG_006_TRG_101
-0.625704764038558,TRG_013_TRG_018
1.1308182117816,TRG_013_TRG_019
0.925826884366629,TRG_013_TRG_021
0.933720249621414,TRG_013_TRG_024
0.0515942454165177,TRG_013_TRG_026
0.91185103274114,TRG_013_TRG_027
2.04338897324154,TRG_013_TRG_032
-0.376403798883959,TRG_013_TRG_034
-0.086474107794793,TRG_013_TRG_035
-0.0201275327453618,TRG_013_TRG_036
1.95919120788505,TRG_013_TRG_037
0.249562820812954,TRG_013_TRG_038
0.0362416425167492,TRG_013_TRG_041
0.199778192669689,TRG_013_TRG_045
0.264758049644301,TRG_013_TRG_046
0.0922763870656037,TRG_013_TRG_047
0.477579620370529,TRG_013_TRG_051
0.143056855406731,TRG_013_TRG_055
-1.48246313409053,TRG_013_TRG_057
-1.96786904110656,TRG_013_TRG_059
1.25937219064765,TRG_013_TRG_063
0.0380275095052826,TRG_013_TRG_064
-1.3808158241694,TRG_013_TRG_065
0.0125982405962686,TRG_013_TRG_066
-0.59359649803001,TRG_013_TRG_072
-0.125467087218949,TRG_013_TRG_073
0.985561103401868,TRG_013_TRG_075
0.0147333055729149,TRG_013_TRG_077
-1.25663175190574,TRG_013_TRG_083
0.805568675609029,TRG_013_TRG_088
0.493442503640084,TRG_013_TRG_090
0.313599121492396,TRG_013_TRG_095
0.863136126429168,TRG_013_TRG_101
0.967436288496979,TRG_018_TRG_019
0.671851280319653,TRG_018_TRG_021
0.508572614399227,TRG_018_TRG_024
0.786664402378087,TRG_018_TRG_026
1.27644406876054,TRG_018_TRG_027
-0.021379444771089,TRG_018_TRG_032
0.154293577788138,TRG_018_TRG_034
0.0357800971275638,TRG_018_TRG_035
-0.949845626474079,TRG_018_TRG_036
0.210755995664659,TRG_018_TRG_037
0.214212061732626,TRG_018_TRG_038
1.9865094130681,TRG_018_TRG_041
0.996049002105228,TRG_018_TRG_045
-0.375168105037685,TRG_018_TRG_046
0.818467022580245,TRG_018_TRG_047
0.138246860837145,TRG_018_TRG_051
0.723372804268147,TRG_018_TRG_055
-0.649218794841669,TRG_018_TRG_057
0.311699442873671,TRG_018_TRG_059
-1.5059719433661,TRG_018_TRG_063
2.01169720961923,TRG_018_TRG_064
-0.342047390044812,TRG_018_TRG_065
-1.10702975214114,TRG_018_TRG_066
0.655309901264434,TRG_018_TRG_072
0.180481688477567,TRG_018_TRG_073
1.40971659586319,TRG_018_TRG_075
-0.190757076842952,TRG_018_TRG_077
-0.105921999464418,TRG_018_TRG_083
0.916415588773639,TRG_018_TRG_088
0.614032583551081,TRG_018_TRG_090
2.00129935634271,TRG_018_TRG_095
0.244833299566846,TRG_018_TRG_101
0.187066631358101,TRG_019_TRG_021
2.08085734618984,TRG_019_TRG_024
-1.04503468516252,TRG_019_TRG_026
-0.138368761338944,TRG_019_TRG_027
-0.0861542068240478,TRG_019_TRG_032
0.700907251393242,TRG_019_TRG_034
-0.364089262346137,TRG_019_TRG_035
-0.509576076967228,TRG_019_TRG_036
1.20458982879489,TRG_019_TRG_037
0.228330586667352,TRG_019_TRG_038
-0.354860863574006,TRG_019_TRG_041
0.791870219003257,TRG_019_TRG_045
-0.0876095572669675,TRG_019_TRG_046
0.208552456719944,TRG_019_TRG_047
-0.639094231890284,TRG_019_TRG_051
-1.06466457813437,TRG_019_TRG_055
-2.12509842490994,TRG_019_TRG_057
-1.90527173252083,TRG_019_TRG_059
0.17658229304445,TRG_019_TRG_063
1.33854364064625,TRG_019_TRG_064
-1.26390557000798,TRG_019_TRG_065
-0.22661509430318,TRG_019_TRG_066
-0.301051736103091,TRG_019_TRG_072
-0.301522937084121,TRG_019_TRG_073
0.720011653452658,TRG_019_TRG_075
-0.161186797637496,TRG_019_TRG_077
0.262860379409085,TRG_019_TRG_083
1.63838836651371,TRG_019_TRG_088
0.510006016967791,TRG_019_TRG_090
1.99388047217035,TRG_019_TRG_095
1.7265988230231,TRG_019_TRG_101
-0.304583768178996,TRG_021_TRG_024
1.83936554659895,TRG_021_TRG_026
1.17059075405038,TRG_021_TRG_027
1.00123639424976,TRG_021_TRG_032
0.572531875192129,TRG_021_TRG_034
-0.359781501553087,TRG_021_TRG_035
1.29732573743368,TRG_021_TRG_036
1.04464346782733,TRG_021_TRG_037
-0.161287777256843,TRG_021_TRG_038
-0.549631860858544,TRG_021_TRG_041
0.0462207076814692,TRG_021_TRG_045
-0.103386428859755,TRG_021_TRG_046
1.98966996366406,TRG_021_TRG_047
0.272310096982299,TRG_021_TRG_051
0.975351464965166,TRG_021_TRG_055
0.669044017307191,TRG_021_TRG_057
0.896904339413197,TRG_021_TRG_059
-0.319558273765242,TRG_021_TRG_063
0.553607905159578,TRG_021_TRG_064
0.547020231406459,TRG_021_TRG_065
-0.507782132358162,TRG_021_TRG_066
1.75931975532152,TRG_021_TRG_072
0.0527339355102026,TRG_021_TRG_073
1.9607101400525,TRG_021_TRG_075
0.954163628395407,TRG_021_TRG_077
-1.02902389883436,TRG_021_TRG_083
0.714476745322563,TRG_021_TRG_088
1.08394252883283,TRG_021_TRG_090
0.21679068079936,TRG_021_TRG_095
0.0971828961405385,TRG_021_TRG_101
-0.0442780446820033,TRG_024_TRG_026
0.158172873495541,TRG_024_TRG_027
0.55842654803503,TRG_024_TRG_032
0.0400251855421661,TRG_024_TRG_034
-0.531203223670055,TRG_024_TRG_035
-1.21652255894869,TRG_024_TRG_036
1.73793905948759,TRG_024_TRG_037
-0.825752685017261,TRG_024_TRG_038
-0.804154470230051,TRG_024_TRG_041
-1.06602864654945,TRG_024_TRG_045
-1.01147582822157,TRG_024_TRG_046
-0.0457929250091522,TRG_024_TRG_047
-2.01821449166968,TRG_024_TRG_051
-1.03996714801104,TRG_024_TRG_055
-2.87481907753809,TRG_024_TRG_057
-2.60249773563345,TRG_024_TRG_059
-1.12968579706844,TRG_024_TRG_063
0.753389132726696,TRG_024_TRG_064
-2.1418727833562,TRG_024_TRG_065
-1.53003137279098,TRG_024_TRG_066
-1.7757889535915,TRG_024_TRG_072
-0.571400913877665,TRG_024_TRG_073
1.43540552962861,TRG_024_TRG_075
-0.539278969090738,TRG_024_TRG_077
-2.70470570315489,TRG_024_TRG_083
0.794641112479495,TRG_024_TRG_088
-0.25072144327221,TRG_024_TRG_090
1.32419054325156,TRG_024_TRG_095
0.77406113985204,TRG_024_TRG_101
-0.088359597425848,TRG_026_TRG_027
0.631304671658755,TRG_026_TRG_032
-0.121255304617836,TRG_026_TRG_034
0.491718308963782,TRG_026_TRG_035
0.0486142955255365,TRG_026_TRG_036
1.9334296909146,TRG_026_TRG_037
-0.634062864504951,TRG_026_TRG_038
-0.283849536641085,TRG_026_TRG_041
-1.12578888452693,TRG_026_TRG_045
-0.436095760767241,TRG_026_TRG_046
1.64636370273563,TRG_026_TRG_047
-1.19279285638117,TRG_026_TRG_051
1.61149656349956,TRG_026_TRG_055
-1.55172721051941,TRG_026_TRG_057
-0.244285898767641,TRG_026_TRG_059
-0.1981685426792,TRG_026_TRG_063
0.625001570237346,TRG_026_TRG_064
0.879949178087127,TRG_026_TRG_065
-0.22970997447636,TRG_026_TRG_066
0.0496608602235674,TRG_026_TRG_072
0.668617798023041,TRG_026_TRG_073
2.09880665137797,TRG_026_TRG_075
0.095630264597222,TRG_026_TRG_077
-0.167803956558724,TRG_026_TRG_083
0.576108639043912,TRG_026_TRG_088
0.560894162008156,TRG_026_TRG_090
-0.695902969075244,TRG_026_TRG_095
-0.730382849555203,TRG_026_TRG_101
1.28784191604005,TRG_027_TRG_032
0.0533172514794484,TRG_027_TRG_034
0.389318687615518,TRG_027_TRG_035
0.0632910103968927,TRG_027_TRG_036
0.819336264559565,TRG_027_TRG_037
0.812599391257007,TRG_027_TRG_038
0.700413463268536,TRG_027_TRG_041
1.03839580474752,TRG_027_TRG_045
0.241493691200855,TRG_027_TRG_046
0.980922873738819,TRG_027_TRG_047
0.242855148771565,TRG_027_TRG_051
0.47440768694918,TRG_027_TRG_055
-1.41096774852708,TRG_027_TRG_057
1.0241060359312,TRG_027_TRG_059
-1.60258821309741,TRG_027_TRG_063
0.796119225194011,TRG_027_TRG_064
-0.477402212837015,TRG_027_TRG_065
-0.353201266651857,TRG_027_TRG_066
1.48207459818684,TRG_027_TRG_072
1.34843200686731,TRG_027_TRG_073
1.11827833614929,TRG_027_TRG_075
0.958224190306354,TRG_027_TRG_077
-1.21107307709743,TRG_027_TRG_083
0.632387496638223,TRG_027_TRG_088
0.684725925703063,TRG_027_TRG_090
0.228890755276605,TRG_027_TRG_095
-0.301564413871454,TRG_027_TRG_101
-0.171545063327205,TRG_032_TRG_034
-1.06415306760507,TRG_032_TRG_035
0.677368200206014,TRG_032_TRG_036
1.87101137389245,TRG_032_TRG_037
0.279325711029772,TRG_032_TRG_038
-0.742259497474358,TRG_032_TRG_041
-0.80795192843461,TRG_032_TRG_045
-0.218021960237901,TRG_032_TRG_046
0.689223675167239,TRG_032_TRG_047
0.186841896954908,TRG_032_TRG_051
0.94525903844774,TRG_032_TRG_055
-1.95106429861225,TRG_032_TRG_057
-1.7423448247438,TRG_032_TRG_059
-0.143626655351164,TRG_032_TRG_063
0.717062242011784,TRG_032_TRG_064
-0.665172445114833,TRG_032_TRG_065
-0.0791993045642019,TRG_032_TRG_066
-0.10277711442534,TRG_032_TRG_072
-0.779296225070371,TRG_032_TRG_073
0.835037387126373,TRG_032_TRG_075
-0.736394049620252,TRG_032_TRG_077
-2.00333609074713,TRG_032_TRG_083
0.864378127382477,TRG_032_TRG_088
1.34078688879253,TRG_032_TRG_090
-0.350638534525045,TRG_032_TRG_095
-0.143039028374682,TRG_032_TRG_101
1.15959164499271,TRG_034_TRG_035
0.231141047436497,TRG_034_TRG_036
-0.223850371519415,TRG_034_TRG_037
0.981992660151161,TRG_034_TRG_038
0.91797832152989,TRG_034_TRG_041
-0.325741596133478,TRG_034_TRG_045
-0.61141099447311,TRG_034_TRG_046
2.15025312951708,TRG_034_TRG_047
0.358985724276033,TRG_034_TRG_051
0.368131833600782,TRG_034_TRG_055
-0.939838811661146,TRG_034_TRG_057
-0.425665993006604,TRG_034_TRG_059
-1.18475530462308,TRG_034_TRG_063
0.305377162449441,TRG_034_TRG_064
-0.83421469956522,TRG_034_TRG_065
0.170083391925064,TRG_034_TRG_066
0.835495875557883,TRG_034_TRG_072
0.24819107918337,TRG_034_TRG_073
1.2758027120638,TRG_034_TRG_075
-0.177857650136136,TRG_034_TRG_077
-0.0764486411841479,TRG_034_TRG_083
-0.228269142410155,TRG_034_TRG_088
0.987169127393928,TRG_034_TRG_090
-0.368785546876093,TRG_034_TRG_095
0.978815372254392,TRG_034_TRG_101
0.3016074958431,TRG_035_TRG_036
0.786006111093792,TRG_035_TRG_037
-0.890345247531038,TRG_035_TRG_038
1.31585206185389,TRG_035_TRG_041
0.333815366806583,TRG_035_TRG_045
-0.364797173397166,TRG_035_TRG_046
0.998912054643641,TRG_035_TRG_047
-0.826446195732279,TRG_035_TRG_051
0.275590839741156,TRG_035_TRG_055
-1.64899237349551,TRG_035_TRG_057
-1.0039423690488,TRG_035_TRG_059
-1.12005590491192,TRG_035_TRG_063
-0.0953429108422624,TRG_035_TRG_064
0.314199241603683,TRG_035_TRG_065
0.967062980079316,TRG_035_TRG_066
0.813124068901571,TRG_035_TRG_072
0.486730770417139,TRG_035_TRG_073
0.268116627660894,TRG_035_TRG_075
-0.360171390161626,TRG_035_TRG_077
-0.158601430447017,TRG_035_TRG_083
-0.347054569743764,TRG_035_TRG_088
-0.187498291688368,TRG_035_TRG_090
-0.981862621301344,TRG_035_TRG_095
-0.385416876055194,TRG_035_TRG_101
-0.166112776987425,TRG_036_TRG_037
0.824707857480725,TRG_036_TRG_038
0.707605136939406,TRG_036_TRG_041
0.264498503162522,TRG_036_TRG_045
-1.09619963330577,TRG_036_TRG_046
-0.172574926142554,TRG_036_TRG_047
-1.45460042707419,TRG_036_TRG_051
-1.12558761095157,TRG_036_TRG_055
-0.112196666476954,TRG_036_TRG_057
-1.46957001413973,TRG_036_TRG_059
-1.09343668520443,TRG_036_TRG_063
-0.657410469864105,TRG_036_TRG_064
1.30339685025721,TRG_036_TRG_065
-1.11594299245128,TRG_036_TRG_066
1.15438281639542,TRG_036_TRG_072
0.988458349798394,TRG_036_TRG_073
0.691098816238783,TRG_036_TRG_075
-1.01917975256404,TRG_036_TRG_077
-0.868333011190322,TRG_036_TRG_083
-0.701024779528811,TRG_036_TRG_088
-0.0616118077555356,TRG_036_TRG_090
-0.17211727880514,TRG_036_TRG_095
-0.779064368753055,TRG_036_TRG_101
0.0419853403193409,TRG_037_TRG_038
-0.0539048431008629,TRG_037_TRG_041
-0.769178678539811,TRG_037_TRG_045
0.606330582366286,TRG_037_TRG_046
1.02580456206026,TRG_037_TRG_047
-0.288744256570027,TRG_037_TRG_051
1.33516976436049,TRG_037_TRG_055
-2.52957726169687,TRG_037_TRG_057
-1.99653821421471,TRG_037_TRG_059
-0.126455117302387,TRG_037_TRG_063
1.09919634414391,TRG_037_TRG_064
-0.422809414134582,TRG_037_TRG_065
0.121485995011128,TRG_037_TRG_066
-0.250474073909415,TRG_037_TRG_072
1.07201864567728,TRG_037_TRG_073
1.87004389980547,TRG_037_TRG_075
-0.297513133546323,TRG_037_TRG_077
-1.91031041134183,TRG_037_TRG_083
1.53597942948839,TRG_037_TRG_088
-0.19394323921661,TRG_037_TRG_090
0.787659482968016,TRG_037_TRG_095
0.393953428967686,TRG_037_TRG_101
-0.44540125871286,TRG_038_TRG_041
-0.243561633034799,TRG_038_TRG_045
-0.804733903096648,TRG_038_TRG_046
0.590957030440485,TRG_038_TRG_047
-1.16869766711817,TRG_038_TRG_051
-0.628146401170671,TRG_038_TRG_055
-1.61407813349286,TRG_038_TRG_057
-0.593236154459844,TRG_038_TRG_059
-1.78975881360719,TRG_038_TRG_063
0.132688721256315,TRG_038_TRG_064
0.0382606061261009,TRG_038_TRG_065
-1.25867779787859,TRG_038_TRG_066
0.010512830507482,TRG_038_TRG_072
0.511021270917792,TRG_038_TRG_073
1.32944706338083,TRG_038_TRG_075
-1.16031177536393,TRG_038_TRG_077
-1.25835059550746,TRG_038_TRG_083
1.11642877149489,TRG_038_TRG_088
0.438324309375996,TRG_038_TRG_090
0.280267611797291,TRG_038_TRG_095
0.116303535395185,TRG_038_TRG_101
1.18671871849966,TRG_041_TRG_045
0.600077324511364,TRG_041_TRG_046
0.52632600556591,TRG_041_TRG_047
0.195140953822729,TRG_041_TRG_051
0.161093443817392,TRG_041_TRG_055
-0.628536431656992,TRG_041_TRG_057
-0.637359411759648,TRG_041_TRG_059
-1.03853205030876,TRG_041_TRG_063
1.41963712514346,TRG_041_TRG_064
-0.0630054986839728,TRG_041_TRG_065
-0.806002034730893,TRG_041_TRG_066
-0.341112988468815,TRG_041_TRG_072
1.0345998732995,TRG_041_TRG_073
0.789588069631856,TRG_041_TRG_075
0.428139821659959,TRG_041_TRG_077
0.234206119776952,TRG_041_TRG_083
-0.154398490145452,TRG_041_TRG_088
0.609745729838173,TRG_041_TRG_090
0.443289116642146,TRG_041_TRG_095
-0.114619371220251,TRG_041_TRG_101
0.982881981409491,TRG_045_TRG_046
-0.625162415273752,TRG_045_TRG_047
-0.151994038990792,TRG_045_TRG_051
0.501179652960198,TRG_045_TRG_055
-0.660544633327491,TRG_045_TRG_057
-0.0979370833964563,TRG_045_TRG_059
0.763822164049902,TRG_045_TRG_063
1.43730720447182,TRG_045_TRG_064
-0.204179472826329,TRG_045_TRG_065
0.537016693403807,TRG_045_TRG_066
0.912743626585133,TRG_045_TRG_072
0.0906987787980273,TRG_045_TRG_073
0.537269422890605,TRG_045_TRG_075
0.266830164292299,TRG_045_TRG_077
1.02673842441857,TRG_045_TRG_083
0.854721702266679,TRG_045_TRG_088
-0.0176928506151211,TRG_045_TRG_090
-0.300630746480478,TRG_045_TRG_095
0.145212565487139,TRG_045_TRG_101
0.0312295835901589,TRG_046_TRG_047
1.00068889314891,TRG_046_TRG_051
1.65466165723594,TRG_046_TRG_055
-2.79125677576244,TRG_046_TRG_057
-1.78394547373532,TRG_046_TRG_059
0.181304148017915,TRG_046_TRG_063
0.866425923207066,TRG_046_TRG_064
-1.77052041110113,TRG_046_TRG_065
-0.306764142009441,TRG_046_TRG_066
-0.772021184132901,TRG_046_TRG_072
0.368249926861567,TRG_046_TRG_073
-0.438714283384399,TRG_046_TRG_075
0.448046162261746,TRG_046_TRG_077
-1.43089861270603,TRG_046_TRG_083
0.87338635522372,TRG_046_TRG_088
0.0853342134827915,TRG_046_TRG_090
-1.09859714101192,TRG_046_TRG_095
0.653925242635509,TRG_046_TRG_101
0.684511276758428,TRG_047_TRG_051
1.29413647616987,TRG_047_TRG_055
-0.807894806533833,TRG_047_TRG_057
0.377369018658557,TRG_047_TRG_059
-0.233983889713442,TRG_047_TRG_063
0.969375898194811,TRG_047_TRG_064
-0.875295257208674,TRG_047_TRG_065
-0.00865498094361467,TRG_047_TRG_066
1.15471299579763,TRG_047_TRG_072
-0.156613681026913,TRG_047_TRG_073
0.904370421597073,TRG_047_TRG_075
0.440901571567871,TRG_047_TRG_077
-0.649605630224826,TRG_047_TRG_083
0.0826580832913616,TRG_047_TRG_088
1.34782112065442,TRG_047_TRG_090
-0.0193479973028181,TRG_047_TRG_095
-0.307996129247678,TRG_047_TRG_101
0.223103249022205,TRG_051_TRG_055
-1.12488627981867,TRG_051_TRG_057
-0.817866263952678,TRG_051_TRG_059
0.747701172120976,TRG_051_TRG_063
1.04279393432831,TRG_051_TRG_064
-0.930103157479888,TRG_051_TRG_065
0.0590356352486341,TRG_051_TRG_066
-0.43081182187394,TRG_051_TRG_072
-0.592245754145478,TRG_051_TRG_073
-0.457912756333516,TRG_051_TRG_075
0.539734198789629,TRG_051_TRG_077
-2.50277119609836,TRG_051_TRG_083
0.369770490326001,TRG_051_TRG_088
1.33568522738351,TRG_051_TRG_090
-0.000333886395487489,TRG_051_TRG_095
0.481268912147607,TRG_051_TRG_101
-1.11316456488642,TRG_055_TRG_057
-0.506264082934674,TRG_055_TRG_059
0.255061298426733,TRG_055_TRG_063
0.580268945095212,TRG_055_TRG_064
0.0481374659773682,TRG_055_TRG_065
0.387399676198882,TRG_055_TRG_066
0.619900288587886,TRG_055_TRG_072
0.795300665604896,TRG_055_TRG_073
1.0091631895013,TRG_055_TRG_075
0.517519776225518,TRG_055_TRG_077
-2.09455620055091,TRG_055_TRG_083
0.326852748794301,TRG_055_TRG_088
-0.11008204510656,TRG_055_TRG_090
-0.638153639661199,TRG_055_TRG_095
-0.31627966385995,TRG_055_TRG_101
-0.383681698962289,TRG_057_TRG_059
-0.690371555829972,TRG_057_TRG_063
-0.777204017731185,TRG_057_TRG_064
0.0683628855523914,TRG_057_TRG_065
-1.06214967593871,TRG_057_TRG_066
0.215164328532421,TRG_057_TRG_072
-0.627161933110866,TRG_057_TRG_073
-1.3322579782187,TRG_057_TRG_075
-2.16295282985863,TRG_057_TRG_077
-1.1549824575782,TRG_057_TRG_083
-1.32423030011161,TRG_057_TRG_088
0.545057210059947,TRG_057_TRG_090
-2.02109203288522,TRG_057_TRG_095
0.351907332402592,TRG_057_TRG_101
-0.790509168112403,TRG_059_TRG_063
0.152364606888831,TRG_059_TRG_064
-0.686421451804159,TRG_059_TRG_065
-1.35068878295953,TRG_059_TRG_066
1.07314662133357,TRG_059_TRG_072
-0.79370337728083,TRG_059_TRG_073
0.104819484026943,TRG_059_TRG_075
0.0404435203155417,TRG_059_TRG_077
-1.64174301633518,TRG_059_TRG_083
-1.10668816256089,TRG_059_TRG_088
-0.0417774812507599,TRG_059_TRG_090
-0.3925086137954,TRG_059_TRG_095
-0.258537016037378,TRG_059_TRG_101
0.874736341496072,TRG_063_TRG_064
-2.35907506496987,TRG_063_TRG_065
0.589269876192034,TRG_063_TRG_066
-1.32901164453693,TRG_063_TRG_072
0.216043707006363,TRG_063_TRG_073
-0.363142550238788,TRG_063_TRG_075
0.709208886991261,TRG_063_TRG_077
-0.413181429273346,TRG_063_TRG_083
1.47118650621954,TRG_063_TRG_088
0.212532144456467,TRG_063_TRG_090
-0.544305008877602,TRG_063_TRG_095
-0.506091459681686,TRG_063_TRG_101
-0.169498537899843,TRG_064_TRG_065
-0.257116182934868,TRG_064_TRG_066
-0.243465622372198,TRG_064_TRG_072
0.554463235735666,TRG_064_TRG_073
1.0379435455116,TRG_064_TRG_075
0.189860857143439,TRG_064_TRG_077
-0.597750023069074,TRG_064_TRG_083
2.33168227267319,TRG_064_TRG_088
1.60971701671206,TRG_064_TRG_090
1.8146947132652,TRG_064_TRG_095
1.37201584895828,TRG_064_TRG_101
-1.48117450496537,TRG_065_TRG_066
-0.190300617492108,TRG_065_TRG_072
-0.241893585171444,TRG_065_TRG_073
0.0660951187858451,TRG_065_TRG_075
-1.38297638857431,TRG_065_TRG_077
0.123940126057637,TRG_065_TRG_083
-0.654827066944946,TRG_065_TRG_088
0.370238650073663,TRG_065_TRG_090
-1.7986880910037,TRG_065_TRG_095
-0.0892492312279053,TRG_065_TRG_101
-1.29843699582695,TRG_066_TRG_072
-0.822735264378369,TRG_066_TRG_073
-0.171070847577291,TRG_066_TRG_075
0.964096847128981,TRG_066_TRG_077
-0.520896178407377,TRG_066_TRG_083
0.231340126711287,TRG_066_TRG_088
-0.84915875031337,TRG_066_TRG_090
-1.45790236004233,TRG_066_TRG_095
0.828713111570253,TRG_066_TRG_101
0.172102997695489,TRG_072_TRG_073
1.00921989349704,TRG_072_TRG_075
-0.761117743074236,TRG_072_TRG_077
-0.652619317736616,TRG_072_TRG_083
-0.966372825840144,TRG_072_TRG_088
0.182454242291845,TRG_072_TRG_090
-0.955352893737489,TRG_072_TRG_095
-0.662886571928076,TRG_072_TRG_101
0.874232996487844,TRG_073_TRG_075
-0.314798087647128,TRG_073_TRG_077
-0.702780146970823,TRG_073_TRG_083
1.13698400598567,TRG_073_TRG_088
-0.459358428699063,TRG_073_TRG_090
0.116492184376353,TRG_073_TRG_095
-0.120845170497688,TRG_073_TRG_101
1.3073978355743,TRG_075_TRG_077
-0.605112385167475,TRG_075_TRG_083
0.607979855382327,TRG_075_TRG_088
1.73556223242639,TRG_075_TRG_090
0.49038936018744,TRG_075_TRG_095
0.537024333452332,TRG_075_TRG_101
-1.10042049996072,TRG_077_TRG_083
0.796062424176439,TRG_077_TRG_088
1.00862176748048,TRG_077_TRG_090
0.231798203361319,TRG_077_TRG_095
-0.00591138967622924,TRG_077_TRG_101
0.219005650231852,TRG_083_TRG_088
-0.627635825135812,TRG_083_TRG_090
-2.06440429059721,TRG_083_TRG_095
-0.0293595311076221,TRG_083_TRG_101
0.606890652682,TRG_088_TRG_090
1.48608606387364,TRG_088_TRG_095
1.34521243811485,TRG_088_TRG_101
1.08297938112663,TRG_090_TRG_095
1.08888315843083,TRG_090_TRG_101
1.48418625664689,TRG_095_TRG_101
