1.26207908913911,TRG_001_TRG_002
1.18920699101742,TRG_001_TRG_008
2.11183839974471,TRG_001_TRG_009
1.16199539560307,TRG_001_TRG_012
1.29170977087712,TRG_001_TRG_015
0.744635532499648,TRG_001_TRG_029
-0.593485324359055,TRG_001_TRG_030
0.674433814526935,TRG_001_TRG_031
0.0365991206477541,TRG_001_TRG_048
1.32489502648027,TRG_001_TRG_049
-1.18392754583067,TRG_001_TRG_050
-0.339344956902761,TRG_001_TRG_052
-0.908921591653575,TRG_001_TRG_056
-1.25571619982625,TRG_001_TRG_061
0.0350580324171598,TRG_001_TRG_062
1.39071201233176,TRG_001_TRG_071
-0.811505238258649,TRG_001_TRG_076
1.44167101845145,TRG_001_TRG_079
-0.827849417298706,TRG_001_TRG_080
1.32072739192519,TRG_001_TRG_081
0.234036547695384,TRG_001_TRG_084
0.229710499166973,TRG_001_TRG_091
0.702931972450163,TRG_001_TRG_096
-0.240148297385392,TRG_001_TRG_100
1.35691608905585,TRG_001_TRG_102
0.330138464877502,TRG_002_TRG_008
0.921248823734025,TRG_002_TRG_009
1.13763496828899,TRG_002_TRG_012
-0.353557774494362,TRG_002_TRG_015
0.216822215095171,TRG_002_TRG_029
-0.254335137546851,TRG_002_TRG_030
-0.0609219583941747,TRG_002_TRG_031
0.525056395299685,TRG_002_TRG_048
-0.151611568151694,TRG_002_TRG_049
0.0551531176139956,TRG_002_TRG_050
0.644249490685409,TRG_002_TRG_052
-0.685042871287956,TRG_002_TRG_056
-1.25252684377558,TRG_002_TRG_061
-0.478915195371552,TRG_002_TRG_062
0.0192692656136655,TRG_002_TRG_071
-0.303672982126697,TRG_002_TRG_076
1.22059689515102,TRG_002_TRG_079
-0.774654864498233,TRG_002_TRG_080
1.0242669441926,TRG_002_TRG_081
0.1470639100678,TRG_002_TRG_084
-0.484046354246341,TRG_002_TRG_091
0.157598886142503,TRG_002_TRG_096
-0.555518062408261,TRG_002_TRG_100
-0.922348281855135,TRG_002_TRG_102
0.873617080141916,TRG_008_TRG_009
1.76893708506278,TRG_008_TRG_012
1.07966311395572,TRG_008_TRG_015
-0.620359263715384,TRG_008_TRG_029
0.136158960177961,TRG_008_TRG_030
-0.0706748394060104,TRG_008_TRG_031
0.477847146737138,TRG_008_TRG_048
1.28567779873935,TRG_008_TRG_049
0.148198381329568,TRG_008_TRG_050
-1.23121681678982,TRG_008_TRG_052
-0.0789053994768889,TRG_008_TRG_056
-0.690721413732909,TRG_008_TRG_061
0.0498787329833736,TRG_008_TRG_062
-0.096442424073977,TRG_008_TRG_071
-1.2016771576731,TRG_008_TRG_076
0.153311522489551,TRG_008_TRG_079
0.209997772376747,TRG_008_TRG_080
1.20286931943954,TRG_008_TRG_081
1.44913600744457,TRG_008_TRG_084
0.298249628265269,TRG_008_TRG_091
1.06844563702091,TRG_008_TRG_096
-1.2664731627556,TRG_008_TRG_100
0.970517870328651,TRG_008_TRG_102
1.13274299162969,TRG_009_TRG_012
0.746641642683033,TRG_009_TRG_015
1.79867999925593,TRG_009_TRG_029
-0.751343131275082,TRG_009_TRG_030
0.831682671956167,TRG_009_TRG_031
-0.241735903040344,TRG_009_TRG_048
0.417107598784502,TRG_009_TRG_049
-0.779385260034881,TRG_009_TRG_050
0.0514496532317556,TRG_009_TRG_052
0.387273828208378,TRG_009_TRG_056
-0.308461904895389,TRG_009_TRG_061
0.762840040802861,TRG_009_TRG_062
1.16814032599509,TRG_009_TRG_071
-0.13107469609262,TRG_009_TRG_076
1.07008032602478,TRG_009_TRG_079
0.337559391701741,TRG_009_TRG_080
1.45447382286394,TRG_009_TRG_081
0.867930446306026,TRG_009_TRG_084
-0.490043815449515,TRG_009_TRG_091
1.0157918778761,TRG_009_TRG_096
-1.17373558652893,TRG_009_TRG_100
-0.293048012091435,TRG_009_TRG_102
0.476420520519598,TRG_012_TRG_015
0.704049023598848,TRG_012_TRG_029
0.938822624708502,TRG_012_TRG_030
0.923015056424097,TRG_012_TRG_031
0.918137352932822,TRG_012_TRG_048
1.26811785025182,TRG_012_TRG_049
0.67293563107025,TRG_012_TRG_050
-0.738640860994307,TRG_012_TRG_052
1.27154322087113,TRG_012_TRG_056
0.992403108315459,TRG_012_TRG_061
0.805270378533772,TRG_012_TRG_062
1.12865834584485,TRG_012_TRG_071
-0.731409746579974,TRG_012_TRG_076
-0.338177211571153,TRG_012_TRG_079
-0.432311253622169,TRG_012_TRG_080
1.64579753850955,TRG_012_TRG_081
1.53825608617219,TRG_012_TRG_084
-0.61560010802821,TRG_012_TRG_091
1.02873174177067,TRG_012_TRG_096
-2.16698779418591,TRG_012_TRG_100
-0.197812077560548,TRG_012_TRG_102
-0.465997279425053,TRG_015_TRG_029
-0.897686803376331,TRG_015_TRG_030
-0.25598321231469,TRG_015_TRG_031
1.22345854084059,TRG_015_TRG_048
1.98618093107044,TRG_015_TRG_049
-0.259507813842654,TRG_015_TRG_050
0.330266218452988,TRG_015_TRG_052
0.0817802364206434,TRG_015_TRG_056
-0.86409455327301,TRG_015_TRG_061
-1.14599472986439,TRG_015_TRG_062
0.76502587240056,TRG_015_TRG_071
-1.29915701414889,TRG_015_TRG_076
-0.308416777623079,TRG_015_TRG_079
-1.86387690055592,TRG_015_TRG_080
-0.18299502096801,TRG_015_TRG_081
0.279822260957191,TRG_015_TRG_084
-0.494750806394764,TRG_015_TRG_091
1.45771199812395,TRG_015_TRG_096
0.162754503291116,TRG_015_TRG_100
1.87322991780504,TRG_015_TRG_102
-0.464151130524598,TRG_029_TRG_030
0.822850448452234,TRG_029_TRG_031
-0.231699783203855,TRG_029_TRG_048
-0.418495878862673,TRG_029_TRG_049
0.551858226695296,TRG_029_TRG_050
-0.0450801519601365,TRG_029_TRG_052
1.00840134199029,TRG_029_TRG_056
0.129007548159167,TRG_029_TRG_061
1.2829589300162,TRG_029_TRG_062
0.728468616573661,TRG_029_TRG_071
-0.227737192005223,TRG_029_TRG_076
-0.325884686327105,TRG_029_TRG_079
1.24881347152074,TRG_029_TRG_080
1.36309674950666,TRG_029_TRG_081
0.11877476315543,TRG_029_TRG_084
0.451088950429872,TRG_029_TRG_091
0.56656801877437,TRG_029_TRG_096
0.0731178679856411,TRG_029_TRG_100
-1.35438808103424,TRG_029_TRG_102
1.49812216639085,TRG_030_TRG_031
0.967461363852097,TRG_030_TRG_048
-0.122825364458325,TRG_030_TRG_049
1.80987784617437,TRG_030_TRG_050
0.101149450247526,TRG_030_TRG_052
1.63034921351739,TRG_030_TRG_056
1.98980546640967,TRG_030_TRG_061
1.6271324829295,TRG_030_TRG_062
-1.82821857704703,TRG_030_TRG_071
-2.67877276536773,TRG_030_TRG_076
-0.595522790891898,TRG_030_TRG_079
0.837649489977755,TRG_030_TRG_080
0.142026146323572,TRG_030_TRG_081
-0.779186993474522,TRG_030_TRG_084
0.725350539744223,TRG_030_TRG_091
-0.548622595948231,TRG_030_TRG_096
-1.14819545980882,TRG_030_TRG_100
-1.92283321313106,TRG_030_TRG_102
1.25068593251306,TRG_031_TRG_048
-0.315580514797849,TRG_031_TRG_049
0.950111839088548,TRG_031_TRG_050
-0.5464314219495,TRG_031_TRG_052
1.35101228521149,TRG_031_TRG_056
1.17750225807017,TRG_031_TRG_061
0.814244287587171,TRG_031_TRG_062
-1.17350036494617,TRG_031_TRG_071
-1.71744960504814,TRG_031_TRG_076
-0.56004986617548,TRG_031_TRG_079
0.951896013103234,TRG_031_TRG_080
0.721749525683073,TRG_031_TRG_081
-1.00649432258469,TRG_031_TRG_084
0.720245799071048,TRG_031_TRG_091
0.860352955545935,TRG_031_TRG_096
-0.255083271691424,TRG_031_TRG_100
-0.870969847191789,TRG_031_TRG_102
1.12945743034309,TRG_048_TRG_049
1.15367415323371,TRG_048_TRG_050
-0.162681782015961,TRG_048_TRG_052
1.50025552333015,TRG_048_TRG_056
1.26034137833014,TRG_048_TRG_061
0.617381309945067,TRG_048_TRG_062
-0.6545097708348,TRG_048_TRG_071
-1.89812978281991,TRG_048_TRG_076
0.123993676905356,TRG_048_TRG_079
-0.422610722879762,TRG_048_TRG_080
-0.384457540285307,TRG_048_TRG_081
0.289190226057217,TRG_048_TRG_084
0.424445097185472,TRG_048_TRG_091
1.79247853283794,TRG_048_TRG_096
0.467795056304786,TRG_048_TRG_100
0.493738954741581,TRG_048_TRG_102
-0.0306626488864458,TRG_049_TRG_050
-1.43158606526897,TRG_049_TRG_052
1.4487049515194,TRG_049_TRG_056
0.512638287680027,TRG_049_TRG_061
0.197803248487678,TRG_049_TRG_062
0.933965408961701,TRG_049_TRG_071
-1.3263144946123,TRG_049_TRG_076
-0.340490656647627,TRG_049_TRG_079
-1.44216947029106,TRG_049_TRG_080
0.745262547933036,TRG_049_TRG_081
0.373346392592461,TRG_049_TRG_084
-1.24933462819402,TRG_049_TRG_091
1.58533827656565,TRG_049_TRG_096
-1.46717741482208,TRG_049_TRG_100
1.81994722665147,TRG_049_TRG_102
1.41054959807307,TRG_050_TRG_052
1.3378461162255,TRG_050_TRG_056
1.18845237235875,TRG_050_TRG_061
1.662395288826,TRG_050_TRG_062
-0.68973053000668,TRG_050_TRG_071
-2.64419120521296,TRG_050_TRG_076
-0.791835322581024,TRG_050_TRG_079
0.839555014940249,TRG_050_TRG_080
-0.0491742745341279,TRG_050_TRG_081
0.46500245967978,TRG_050_TRG_084
0.584095088994663,TRG_050_TRG_091
-0.16026764172356,TRG_050_TRG_096
0.360238599222528,TRG_050_TRG_100
-1.74135574751047,TRG_050_TRG_102
-0.487815627576962,TRG_052_TRG_056
-0.792549903799031,TRG_052_TRG_061
0.365354423707185,TRG_052_TRG_062
-1.64809653955554,TRG_052_TRG_071
-1.97770701666519,TRG_052_TRG_076
-0.812983988351424,TRG_052_TRG_079
-0.202244147002571,TRG_052_TRG_080
-0.851954939251297,TRG_052_TRG_081
-0.869467277254595,TRG_052_TRG_084
-0.466794658895925,TRG_052_TRG_091
-0.848598150909717,TRG_052_TRG_096
0.343640838566874,TRG_052_TRG_100
-0.749095107296594,TRG_052_TRG_102
2.63944740583438,TRG_056_TRG_061
2.15031186735488,TRG_056_TRG_062
-0.975494237673962,TRG_056_TRG_071
-2.16154814953275,TRG_056_TRG_076
-0.515967176563213,TRG_056_TRG_079
1.24542393331423,TRG_056_TRG_080
0.987242043177621,TRG_056_TRG_081
-0.0696470160642461,TRG_056_TRG_084
0.477400269704422,TRG_056_TRG_091
1.49958023433615,TRG_056_TRG_096
-1.10470821894008,TRG_056_TRG_100
-0.293343559096627,TRG_056_TRG_102
2.04316944739488,TRG_061_TRG_062
-1.36009529214621,TRG_061_TRG_071
-2.75924026546177,TRG_061_TRG_076
-0.624340973743103,TRG_061_TRG_079
1.3227897060215,TRG_061_TRG_080
0.109073741449744,TRG_061_TRG_081
-0.574413921628015,TRG_061_TRG_084
0.364573690938914,TRG_061_TRG_091
0.706741946275062,TRG_061_TRG_096
-1.51767196645283,TRG_061_TRG_100
-1.66338700102635,TRG_061_TRG_102
-0.470933642176568,TRG_062_TRG_071
-2.4079738735391,TRG_062_TRG_076
-0.888661711081249,TRG_062_TRG_079
1.26304054797178,TRG_062_TRG_080
1.26113791562703,TRG_062_TRG_081
0.646726860771881,TRG_062_TRG_084
0.501112035288984,TRG_062_TRG_091
0.0148641636445338,TRG_062_TRG_096
-0.650241425112061,TRG_062_TRG_100
-1.94561088340894,TRG_062_TRG_102
-0.802388030385063,TRG_071_TRG_076
-0.721992575141214,TRG_071_TRG_079
-0.966880001733927,TRG_071_TRG_080
0.547625259992628,TRG_071_TRG_081
-0.0581180384828266,TRG_071_TRG_084
-2.38005878753784,TRG_071_TRG_091
-0.186089599109029,TRG_071_TRG_096
-1.90328893803958,TRG_071_TRG_100
-0.0118791046943898,TRG_071_TRG_102
-1.44797959489399,TRG_076_TRG_079
-1.91844622413413,TRG_076_TRG_080
-1.13038972754778,TRG_076_TRG_081
-1.10481272679509,TRG_076_TRG_084
-1.55162600689765,TRG_076_TRG_091
-1.16514467874523,TRG_076_TRG_096
-2.18056198586146,TRG_076_TRG_100
-0.756623023890911,TRG_076_TRG_102
0.213890041450008,TRG_079_TRG_080
0.482433037626645,TRG_079_TRG_081
-1.30515354352335,TRG_079_TRG_084
1.27664293269869,TRG_079_TRG_091
-0.844224949188034,TRG_079_TRG_096
-0.351428300507303,TRG_079_TRG_100
-0.710327906007806,TRG_079_TRG_102
-0.809169012427483,TRG_080_TRG_081
-1.15056015054869,TRG_080_TRG_084
1.30669677559118,TRG_080_TRG_091
0.0681426773031492,TRG_080_TRG_096
-0.667875614079898,TRG_080_TRG_100
-2.08834022291979,TRG_080_TRG_102
0.0810116538125795,TRG_081_TRG_084
-0.446985373105527,TRG_081_TRG_091
0.0561618436528202,TRG_081_TRG_096
-0.804603685755147,TRG_081_TRG_100
-0.78786816956933,TRG_081_TRG_102
-1.43568596446777,TRG_084_TRG_091
0.271830242309314,TRG_084_TRG_096
-2.22289218114341,TRG_084_TRG_100
-1.17966148728139,TRG_084_TRG_102
-0.599092047168277,TRG_091_TRG_096
0.54179032912661,TRG_091_TRG_100
-1.01855866192718,TRG_091_TRG_102
0.782367381147668,TRG_096_TRG_100
1.40404892043444,TRG_096_TRG_102
0.227921586897883,TRG_100_TRG_102
