-0.864723582838157,TRG_003_TRG_005
0.14283421980475,TRG_003_TRG_006
0.694170121015765,TRG_003_TRG_013
0.267692968977848,TRG_003_TRG_018
0.00287286428053229,TRG_003_TRG_019
1.39312055833165,TRG_003_TRG_021
-0.519299012120158,TRG_003_TRG_024
0.342338247476469,TRG_003_TRG_026
-0.070017034182056,TRG_003_TRG_027
1.05423453773017,TRG_003_TRG_032
1.58139401144625,TRG_003_TRG_034
0.331626407392391,TRG_003_TRG_035
1.47716730351127,TRG_003_TRG_036
-0.399415475616828,TRG_003_TRG_037
0.747054625040792,TRG_003_TRG_038
0.950461407747154,TRG_003_TRG_041
1.0257294269572,TRG_003_TRG_045
-0.367979166891114,TRG_003_TRG_046
1.05442348521927,TRG_003_TRG_047
-1.72305219727114,TRG_003_TRG_051
0.252793997135364,TRG_003_TRG_055
0.727323905247852,TRG_003_TRG_057
-2.03587106013991,TRG_003_TRG_059
0.344476202997902,TRG_003_TRG_063
0.435509878638395,TRG_003_TRG_064
-1.74812274508049,TRG_003_TRG_065
-0.35881249503482,TRG_003_TRG_066
1.23845477429031,TRG_003_TRG_072
1.12708658914582,TRG_003_TRG_073
1.1239715077595,TRG_003_TRG_075
0.599810161508814,TRG_003_TRG_077
-0.563108161513634,TRG_003_TRG_083
-1.02946658951425,TRG_003_TRG_088
1.08669348285573,TRG_003_TRG_090
0.0187519853686043,TRG_003_TRG_095
0.719455885286917,TRG_003_TRG_101
-0.0323071837778095,TRG_005_TRG_006
0.123611757276036,TRG_005_TRG_013
0.424108002174633,TRG_005_TRG_018
0.366796667272012,TRG_005_TRG_019
-0.142485333654495,TRG_005_TRG_021
-0.602849950798533,TRG_005_TRG_024
-0.878989628590874,TRG_005_TRG_026
-1.58489549115866,TRG_005_TRG_027
-0.384247737127186,TRG_005_TRG_032
-0.875448640107604,TRG_005_TRG_034
-1.22321560983711,TRG_005_TRG_035
-1.10770760569423,TRG_005_TRG_036
0.507167629932827,TRG_005_TRG_037
-0.924010755746605,TRG_005_TRG_038
-0.674919348732487,TRG_005_TRG_041
0.152724296369722,TRG_005_TRG_045
0.481067358848489,TRG_005_TRG_046
-0.170524679291056,TRG_005_TRG_047
-0.204569451406111,TRG_005_TRG_051
0.0296646572435554,TRG_005_TRG_055
-1.90649873505029,TRG_005_TRG_057
-1.53659923438709,TRG_005_TRG_059
0.151413177327611,TRG_005_TRG_063
0.438432560652285,TRG_005_TRG_064
-2.00921384553153,TRG_005_TRG_065
-0.54747289465578,TRG_005_TRG_066
-1.04051728288067,TRG_005_TRG_072
-0.46354519394278,TRG_005_TRG_073
-0.121782532327273,TRG_005_TRG_075
0.0183547731672141,TRG_005_TRG_077
-1.59107531537152,TRG_005_TRG_083
0.44013524350057,TRG_005_TRG_088
-0.645219212508486,TRG_005_TRG_090
0.421898644451112,TRG_005_TRG_095
-0.36136259418403,TRG_005_TRG_101
0.111686103076479,TRG_006_TRG_013
-0.434934609718328,TRG_006_TRG_018
-0.784585270364442,TRG_006_TRG_019
1.22635289901671,TRG_006_TRG_021
-0.677488332021681,TRG_006_TRG_024
1.16493162539398,TRG_006_TRG_026
-0.881103562609027,TRG_006_TRG_027
0.581424581112572,TRG_006_TRG_032
0.0583749253528627,TRG_006_TRG_034
-0.454919310572142,TRG_006_TRG_035
-0.48640419613843,TRG_006_TRG_036
0.389211016209983,TRG_006_TRG_037
-0.517649246224845,TRG_006_TRG_038
-0.951008036924796,TRG_006_TRG_041
-0.57830455616246,TRG_006_TRG_045
-0.385830244003711,TRG_006_TRG_046
1.0320497427477,TRG_006_TRG_047
-1.5575475302995,TRG_006_TRG_051
0.926593368756737,TRG_006_TRG_055
-0.746009023039843,TRG_006_TRG_057
-1.215026161695,TRG_006_TRG_059
0.234982370640523,TRG_006_TRG_063
0.249022229364643,TRG_006_TRG_064
-2.03738449193877,TRG_006_TRG_065
-0.35533292440358,TRG_006_TRG_066
-0.0465089255351639,TRG_006_TRG_072
-0.211614348344004,TRG_006_TRG_073
0.264624379478427,TRG_006_TRG_075
-0.248234982709863,TRG_006_TRG_077
-1.74443555218642,TRG_006_TRG_083
-0.283569379922168,TRG_006_TRG_088
0.695542789748939,TRG_006_TRG_090
-0.382440501187943,TRG_006_TRG_095
-0.524341611168738,TRG_006_TRG_101
0.114618864460021,TRG_013_TRG_018
1.04814401561296,TRG_013_TRG_019
1.06013790403769,TRG_013_TRG_021
0.44898748769998,TRG_013_TRG_024
0.0759943526511488,TRG_013_TRG_026
-0.258548040196093,TRG_013_TRG_027
1.54361195665862,TRG_013_TRG_032
0.213652132189917,TRG_013_TRG_034
0.075238960337995,TRG_013_TRG_035
0.269825540793461,TRG_013_TRG_036
1.09142663034858,TRG_013_TRG_037
0.513658954211037,TRG_013_TRG_038
0.443441159531354,TRG_013_TRG_041
0.790202903000209,TRG_013_TRG_045
0.0148195244590408,TRG_013_TRG_046
0.735469868101988,TRG_013_TRG_047
-1.23879786310513,TRG_013_TRG_051
0.441771145581356,TRG_013_TRG_055
0.236015146688616,TRG_013_TRG_057
-3.09537762301376,TRG_013_TRG_059
1.33849219751676,TRG_013_TRG_063
0.195516161033564,TRG_013_TRG_064
-2.4372907441257,TRG_013_TRG_065
0.236962279548935,TRG_013_TRG_066
0.147763318060101,TRG_013_TRG_072
0.492639036606349,TRG_013_TRG_073
1.20326256736769,TRG_013_TRG_075
0.944116159211575,TRG_013_TRG_077
-0.66384186743475,TRG_013_TRG_083
-0.351827556544295,TRG_013_TRG_088
0.615463293737165,TRG_013_TRG_090
0.743236801929233,TRG_013_TRG_095
1.064009572984,TRG_013_TRG_101
0.893593375595782,TRG_018_TRG_019
0.891693103252643,TRG_018_TRG_021
0.0383391359182828,TRG_018_TRG_024
0.46264533663053,TRG_018_TRG_026
0.033322199263391,TRG_018_TRG_027
0.196212629324577,TRG_018_TRG_032
0.5630073643885,TRG_018_TRG_034
0.0786467445192996,TRG_018_TRG_035
0.217980538909949,TRG_018_TRG_036
-0.0987689072776505,TRG_018_TRG_037
0.423953742193559,TRG_018_TRG_038
1.52800806319611,TRG_018_TRG_041
1.13920161696775,TRG_018_TRG_045
-0.295032573322173,TRG_018_TRG_046
0.860765453510976,TRG_018_TRG_047
-1.503450391927,TRG_018_TRG_051
0.634191668595903,TRG_018_TRG_055
0.10003946904749,TRG_018_TRG_057
-2.52780748834115,TRG_018_TRG_059
0.0435331717810881,TRG_018_TRG_063
1.61164116801818,TRG_018_TRG_064
-1.60836930874055,TRG_018_TRG_065
-0.241900504469246,TRG_018_TRG_066
0.903659648487826,TRG_018_TRG_072
0.70733592467787,TRG_018_TRG_073
1.21633101251357,TRG_018_TRG_075
0.764575578911238,TRG_018_TRG_077
-0.504716975215112,TRG_018_TRG_083
-0.428247490865949,TRG_018_TRG_088
0.572817193612861,TRG_018_TRG_090
1.46736272626774,TRG_018_TRG_095
0.432703413579656,TRG_018_TRG_101
0.552970092461768,TRG_019_TRG_021
1.2696158300069,TRG_019_TRG_024
-0.418334417625977,TRG_019_TRG_026
-0.694098602366256,TRG_019_TRG_027
0.28189105523992,TRG_019_TRG_032
0.541597962330304,TRG_019_TRG_034
-0.0396139329144887,TRG_019_TRG_035
0.128727885060704,TRG_019_TRG_036
0.826818339133321,TRG_019_TRG_037
0.272371592229316,TRG_019_TRG_038
-0.111494820393386,TRG_019_TRG_041
0.853990481663494,TRG_019_TRG_045
0.0411867714700705,TRG_019_TRG_046
0.616100126125731,TRG_019_TRG_047
-1.72196956132841,TRG_019_TRG_051
0.194691438092133,TRG_019_TRG_055
-0.599937998175462,TRG_019_TRG_057
-3.226600969813,TRG_019_TRG_059
0.731783559255641,TRG_019_TRG_063
0.848562254049808,TRG_019_TRG_064
-1.97030062308989,TRG_019_TRG_065
0.348475244912311,TRG_019_TRG_066
0.235039798167524,TRG_019_TRG_072
0.19142308016654,TRG_019_TRG_073
0.969475001074373,TRG_019_TRG_075
0.806843603972283,TRG_019_TRG_077
-0.216729690744002,TRG_019_TRG_083
0.331828073919894,TRG_019_TRG_088
0.790901346777762,TRG_019_TRG_090
1.90932631383714,TRG_019_TRG_095
1.44291743743553,TRG_019_TRG_101
-0.0981580378303192,TRG_021_TRG_024
1.20526044991276,TRG_021_TRG_026
0.15344264687917,TRG_021_TRG_027
1.10844966944727,TRG_021_TRG_032
0.808211133235802,TRG_021_TRG_034
-0.0793942518511556,TRG_021_TRG_035
1.39275961316903,TRG_021_TRG_036
0.328424182216228,TRG_021_TRG_037
0.289734461649762,TRG_021_TRG_038
0.258357089619566,TRG_021_TRG_041
0.764261652806559,TRG_021_TRG_045
-0.294506109136048,TRG_021_TRG_046
1.67835810497199,TRG_021_TRG_047
-1.78187148491709,TRG_021_TRG_051
0.922850577293023,TRG_021_TRG_055
0.980163027635479,TRG_021_TRG_057
-1.93103858117602,TRG_021_TRG_059
0.558291473819394,TRG_021_TRG_063
0.59713172528063,TRG_021_TRG_064
-1.33983286675077,TRG_021_TRG_065
-0.107034857374401,TRG_021_TRG_066
1.56543591422051,TRG_021_TRG_072
0.64919454624864,TRG_021_TRG_073
1.78521420380901,TRG_021_TRG_075
1.31743569841959,TRG_021_TRG_077
-1.01822382402937,TRG_021_TRG_083
-0.469022871895681,TRG_021_TRG_088
0.966933258595443,TRG_021_TRG_090
0.749648209838966,TRG_021_TRG_095
0.708932078106053,TRG_021_TRG_101
-0.164880969502887,TRG_024_TRG_026
-0.95796867547311,TRG_024_TRG_027
0.22867281836813,TRG_024_TRG_032
-0.193826321645514,TRG_024_TRG_034
-0.384170393788595,TRG_024_TRG_035
-0.844310752450119,TRG_024_TRG_036
0.892879033209054,TRG_024_TRG_037
-0.533099497218061,TRG_024_TRG_038
-0.768091103663732,TRG_024_TRG_041
-0.625165991981457,TRG_024_TRG_045
-0.95245845106275,TRG_024_TRG_046
-0.383674561079294,TRG_024_TRG_047
-2.62858720989028,TRG_024_TRG_051
-0.167629735124288,TRG_024_TRG_055
-1.30060610535627,TRG_024_TRG_057
-3.5169572664004,TRG_024_TRG_059
-0.31259648415858,TRG_024_TRG_063
0.158189580212968,TRG_024_TRG_064
-3.0368293771876,TRG_024_TRG_065
-0.927033215870805,TRG_024_TRG_066
-1.04462914850891,TRG_024_TRG_072
-0.403194630366671,TRG_024_TRG_073
0.706981524247361,TRG_024_TRG_075
-0.0631135765331987,TRG_024_TRG_077
-1.8755993681272,TRG_024_TRG_083
-0.110091709611743,TRG_024_TRG_088
0.185291170460926,TRG_024_TRG_090
0.977226872816986,TRG_024_TRG_095
0.541148637195751,TRG_024_TRG_101
-0.668937937592879,TRG_026_TRG_027
0.13990848622638,TRG_026_TRG_032
0.419468969815091,TRG_026_TRG_034
0.264479972047502,TRG_026_TRG_035
0.350254762034135,TRG_026_TRG_036
0.755751101816525,TRG_026_TRG_037
-0.235161327745663,TRG_026_TRG_038
-0.0625450211228249,TRG_026_TRG_041
-0.306630443445964,TRG_026_TRG_045
-0.737152816685225,TRG_026_TRG_046
0.952269398833444,TRG_026_TRG_047
-2.4225786554647,TRG_026_TRG_051
0.92438061722545,TRG_026_TRG_055
-0.573612090747336,TRG_026_TRG_057
-2.17062575152699,TRG_026_TRG_059
0.166369678953528,TRG_026_TRG_063
0.542642921400997,TRG_026_TRG_064
-1.45186308219283,TRG_026_TRG_065
-0.276859646741966,TRG_026_TRG_066
0.296707553731641,TRG_026_TRG_072
0.529030896406584,TRG_026_TRG_073
1.3170572066708,TRG_026_TRG_075
0.312501930380166,TRG_026_TRG_077
-1.10189348854783,TRG_026_TRG_083
-0.508270174144912,TRG_026_TRG_088
0.414339323207251,TRG_026_TRG_090
-0.000563349234444039,TRG_026_TRG_095
-0.18064019148736,TRG_026_TRG_101
0.0539408764275554,TRG_027_TRG_032
-0.296291917727708,TRG_027_TRG_034
-0.653782281564651,TRG_027_TRG_035
-0.121278525068946,TRG_027_TRG_036
-1.13630850078045,TRG_027_TRG_037
0.0860757930100796,TRG_027_TRG_038
0.0760554240842011,TRG_027_TRG_041
0.119275605371652,TRG_027_TRG_045
-0.676442182713841,TRG_027_TRG_046
-0.259997321960415,TRG_027_TRG_047
-2.94111267712525,TRG_027_TRG_051
-0.563569132994011,TRG_027_TRG_055
-1.1208164007894,TRG_027_TRG_057
-1.38360864694098,TRG_027_TRG_059
-1.16684135940879,TRG_027_TRG_063
-0.00836309697776325,TRG_027_TRG_064
-1.46928569824639,TRG_027_TRG_065
-0.888506384272507,TRG_027_TRG_066
0.444966865664733,TRG_027_TRG_072
0.38647842408741,TRG_027_TRG_073
-0.096605475218511,TRG_027_TRG_075
-0.339978510887632,TRG_027_TRG_077
-2.12314051609247,TRG_027_TRG_083
-1.77847034704655,TRG_027_TRG_088
-0.231826898563603,TRG_027_TRG_090
-0.825430523200392,TRG_027_TRG_095
-0.782616479997923,TRG_027_TRG_101
0.975382509145702,TRG_032_TRG_034
-0.434221487243165,TRG_032_TRG_035
0.761125795015366,TRG_032_TRG_036
0.469294715381709,TRG_032_TRG_037
0.232357050338222,TRG_032_TRG_038
0.221328055307786,TRG_032_TRG_041
0.225002763605968,TRG_032_TRG_045
-0.462418438672183,TRG_032_TRG_046
0.731782288109328,TRG_032_TRG_047
-1.80151129065759,TRG_032_TRG_051
0.885105697753064,TRG_032_TRG_055
-0.170412181470648,TRG_032_TRG_057
-2.75724646039495,TRG_032_TRG_059
0.367336291718532,TRG_032_TRG_063
0.414260660953718,TRG_032_TRG_064
-1.7659497090332,TRG_032_TRG_065
0.159898256222983,TRG_032_TRG_066
0.319026778753064,TRG_032_TRG_072
-0.0287284628046446,TRG_032_TRG_073
1.09853520578891,TRG_032_TRG_075
0.128783493154226,TRG_032_TRG_077
-1.35310821928967,TRG_032_TRG_083
-0.816178932735499,TRG_032_TRG_088
0.797136238966612,TRG_032_TRG_090
0.323511698373624,TRG_032_TRG_095
0.470008090092742,TRG_032_TRG_101
0.602176476946046,TRG_034_TRG_035
0.723423400350736,TRG_034_TRG_036
-0.219886818053329,TRG_034_TRG_037
0.916587219368773,TRG_034_TRG_038
0.735520474978696,TRG_034_TRG_041
0.512873780393298,TRG_034_TRG_045
-0.552395816330356,TRG_034_TRG_046
1.65488518212441,TRG_034_TRG_047
-1.91736121602344,TRG_034_TRG_051
0.82032449651312,TRG_034_TRG_055
0.407936526972699,TRG_034_TRG_057
-2.71154274053622,TRG_034_TRG_059
0.206927992806667,TRG_034_TRG_063
0.597488209115616,TRG_034_TRG_064
-2.39069690041179,TRG_034_TRG_065
0.147233321356383,TRG_034_TRG_066
1.22878409244371,TRG_034_TRG_072
0.735474848908085,TRG_034_TRG_073
1.90380028218836,TRG_034_TRG_075
0.532462346772817,TRG_034_TRG_077
-1.2440189339408,TRG_034_TRG_083
-1.37018024335213,TRG_034_TRG_088
1.10902179590774,TRG_034_TRG_090
1.1285272468376,TRG_034_TRG_095
0.707864302286103,TRG_034_TRG_101
-0.0311003197110435,TRG_035_TRG_036
0.197850240620645,TRG_035_TRG_037
-0.488908182169586,TRG_035_TRG_038
0.57614302667861,TRG_035_TRG_041
0.220920434329297,TRG_035_TRG_045
-0.39120106097487,TRG_035_TRG_046
0.614331368215881,TRG_035_TRG_047
-1.76076390068399,TRG_035_TRG_051
0.790053385891984,TRG_035_TRG_055
-0.557689508817265,TRG_035_TRG_057
-2.94759905040843,TRG_035_TRG_059
-0.275139616364363,TRG_035_TRG_063
0.0228498855680444,TRG_035_TRG_064
-1.91129160187614,TRG_035_TRG_065
0.698758033474142,TRG_035_TRG_066
0.352713846226285,TRG_035_TRG_072
0.380387380693282,TRG_035_TRG_073
0.504615247057339,TRG_035_TRG_075
-0.0292145646426014,TRG_035_TRG_077
-1.12684258083654,TRG_035_TRG_083
-0.66078442919533,TRG_035_TRG_088
0.244795444673585,TRG_035_TRG_090
-0.109152218528443,TRG_035_TRG_095
-0.0610053327990003,TRG_035_TRG_101
-0.87145949241376,TRG_036_TRG_037
0.556136664883613,TRG_036_TRG_038
0.808461916371075,TRG_036_TRG_041
0.883653744847937,TRG_036_TRG_045
-1.17478875008838,TRG_036_TRG_046
0.459165287669513,TRG_036_TRG_047
-3.0962821062361,TRG_036_TRG_051
-0.30140923941873,TRG_036_TRG_055
0.660778251138876,TRG_036_TRG_057
-2.81577540570309,TRG_036_TRG_059
0.318546426695556,TRG_036_TRG_063
0.0838644015310505,TRG_036_TRG_064
-1.24718385104537,TRG_036_TRG_065
-0.734475688685477,TRG_036_TRG_066
1.57456881684465,TRG_036_TRG_072
1.10822612967952,TRG_036_TRG_073
0.863432346030833,TRG_036_TRG_075
0.172125276820008,TRG_036_TRG_077
-0.713337635323073,TRG_036_TRG_083
-1.17200793675978,TRG_036_TRG_088
0.224911949494639,TRG_036_TRG_090
0.283335715429523,TRG_036_TRG_095
-0.0719929911850844,TRG_036_TRG_101
-0.257341171642542,TRG_037_TRG_038
-0.693184540539241,TRG_037_TRG_041
-0.523157054391066,TRG_037_TRG_045
0.204317357715262,TRG_037_TRG_046
0.3550681130618,TRG_037_TRG_047
-1.0707135359401,TRG_037_TRG_051
0.809836568428921,TRG_037_TRG_055
-1.154348343186,TRG_037_TRG_057
-2.47988456506031,TRG_037_TRG_059
-0.0643929560943474,TRG_037_TRG_063
0.352274560411118,TRG_037_TRG_064
-2.66804098978675,TRG_037_TRG_065
-0.00949027373680908,TRG_037_TRG_066
-0.721132026913709,TRG_037_TRG_072
0.227443425053122,TRG_037_TRG_073
0.92363425723292,TRG_037_TRG_075
0.108284846762941,TRG_037_TRG_077
-0.619367789058802,TRG_037_TRG_083
1.31674919760443,TRG_037_TRG_088
-0.331207468439378,TRG_037_TRG_090
0.749575573358323,TRG_037_TRG_095
0.374411570007494,TRG_037_TRG_101
-0.033188816550578,TRG_038_TRG_041
0.211570856194549,TRG_038_TRG_045
-0.583644772168057,TRG_038_TRG_046
0.530387757531948,TRG_038_TRG_047
-2.40860866876065,TRG_038_TRG_051
-0.141326585530619,TRG_038_TRG_055
-0.344313396028034,TRG_038_TRG_057
-2.65521858487102,TRG_038_TRG_059
-0.319523125175012,TRG_038_TRG_063
0.348784948832489,TRG_038_TRG_064
-1.63667552146375,TRG_038_TRG_065
-0.643238308381653,TRG_038_TRG_066
0.506635376405687,TRG_038_TRG_072
0.736476359773684,TRG_038_TRG_073
1.10459426182398,TRG_038_TRG_075
-0.0875992638419538,TRG_038_TRG_077
-1.4406846782589,TRG_038_TRG_083
-0.544290247373714,TRG_038_TRG_088
0.652174262717021,TRG_038_TRG_090
0.291157496444741,TRG_038_TRG_095
0.26044325074129,TRG_038_TRG_101
1.33047373826388,TRG_041_TRG_045
-0.0682777912219157,TRG_041_TRG_046
0.756156856359849,TRG_041_TRG_047
-1.94087841360013,TRG_041_TRG_051
0.159193534167115,TRG_041_TRG_055
0.210622743197895,TRG_041_TRG_057
-2.7516238814145,TRG_041_TRG_059
0.165339546103649,TRG_041_TRG_063
1.17409345532127,TRG_041_TRG_064
-1.5042274232481,TRG_041_TRG_065
-0.257429133819677,TRG_041_TRG_066
0.477759158496762,TRG_041_TRG_072
1.04973666309677,TRG_041_TRG_073
0.76774020512403,TRG_041_TRG_075
0.767267282935673,TRG_041_TRG_077
-0.290811079468552,TRG_041_TRG_083
-1.30321286999805,TRG_041_TRG_088
0.461340371741252,TRG_041_TRG_090
0.265606625592146,TRG_041_TRG_095
0.467138944997143,TRG_041_TRG_101
0.434939896770773,TRG_045_TRG_046
0.625417869027555,TRG_045_TRG_047
-1.70475105556458,TRG_045_TRG_051
0.654902986245056,TRG_045_TRG_055
0.404910961181593,TRG_045_TRG_057
-2.29031008192014,TRG_045_TRG_059
1.19455894930692,TRG_045_TRG_063
1.14371524096776,TRG_045_TRG_064
-1.69122200826602,TRG_045_TRG_065
0.492452263753524,TRG_045_TRG_066
1.20421004936608,TRG_045_TRG_072
0.794447374921119,TRG_045_TRG_073
1.00576743161945,TRG_045_TRG_075
0.915962974937624,TRG_045_TRG_077
0.0241485058750341,TRG_045_TRG_083
-0.540040932819948,TRG_045_TRG_088
0.48878529727528,TRG_045_TRG_090
0.393737852625774,TRG_045_TRG_095
0.656930724481156,TRG_045_TRG_101
0.045262338698438,TRG_046_TRG_047
-0.59491389474982,TRG_046_TRG_051
0.975105959957891,TRG_046_TRG_055
-1.3725065886502,TRG_046_TRG_057
-2.43198198152909,TRG_046_TRG_059
0.0915007840752189,TRG_046_TRG_063
0.0381530496122633,TRG_046_TRG_064
-1.91895071877603,TRG_046_TRG_065
-0.314783941883955,TRG_046_TRG_066
-0.85778912732443,TRG_046_TRG_072
-0.0958803963735313,TRG_046_TRG_073
-0.241218070337745,TRG_046_TRG_075
0.0957576813967941,TRG_046_TRG_077
-0.836867424892691,TRG_046_TRG_083
0.0815118317319857,TRG_046_TRG_088
-0.18013349292099,TRG_046_TRG_090
-0.662720400118173,TRG_046_TRG_095
0.0690921603476872,TRG_046_TRG_101
-1.43509233318446,TRG_047_TRG_051
1.10412394340025,TRG_047_TRG_055
0.520971610015117,TRG_047_TRG_057
-2.18792573027997,TRG_047_TRG_059
1.05157025728519,TRG_047_TRG_063
0.912682511449771,TRG_047_TRG_064
-2.3481382486505,TRG_047_TRG_065
0.622819033455802,TRG_047_TRG_066
1.16943909085977,TRG_047_TRG_072
1.10598665410227,TRG_047_TRG_073
1.31686763228252,TRG_047_TRG_075
1.37179632775461,TRG_047_TRG_077
-0.892887333175004,TRG_047_TRG_083
-1.26287145878754,TRG_047_TRG_088
1.36615037825835,TRG_047_TRG_090
0.516247896734928,TRG_047_TRG_095
0.466407032579434,TRG_047_TRG_101
-1.21303445317402,TRG_051_TRG_055
-2.57605979428474,TRG_051_TRG_057
-4.74647075155001,TRG_051_TRG_059
-1.29586640921206,TRG_051_TRG_063
-1.52865453773802,TRG_051_TRG_064
-2.00580714677148,TRG_051_TRG_065
-1.03417899721136,TRG_051_TRG_066
-2.43141565727782,TRG_051_TRG_072
-2.03861911014377,TRG_051_TRG_073
-1.94413832141917,TRG_051_TRG_075
-1.58572218852437,TRG_051_TRG_077
-2.02669506234301,TRG_051_TRG_083
-0.659383732868805,TRG_051_TRG_088
-1.12311734594009,TRG_051_TRG_090
-1.38160089657091,TRG_051_TRG_095
-1.35160671442151,TRG_051_TRG_101
-0.00714656767238982,TRG_055_TRG_057
-2.27992683225638,TRG_055_TRG_059
0.615844966792489,TRG_055_TRG_063
0.563444613639811,TRG_055_TRG_064
-1.90709670167802,TRG_055_TRG_065
0.360345146835,TRG_055_TRG_066
0.511057629791332,TRG_055_TRG_072
0.790568321847047,TRG_055_TRG_073
1.19459598174581,TRG_055_TRG_075
0.963582192924874,TRG_055_TRG_077
-2.13305888229425,TRG_055_TRG_083
-0.27429755916645,TRG_055_TRG_088
0.234618722033347,TRG_055_TRG_090
0.385335187226006,TRG_055_TRG_095
0.0781627913392173,TRG_055_TRG_101
-2.47331960695957,TRG_057_TRG_059
0.719440428067802,TRG_057_TRG_063
-0.00291339852881407,TRG_057_TRG_064
-1.88199901963633,TRG_057_TRG_065
-0.214599903666959,TRG_057_TRG_066
0.910577578859202,TRG_057_TRG_072
0.297465122014767,TRG_057_TRG_073
0.15900930243518,TRG_057_TRG_075
-0.0102015444641748,TRG_057_TRG_077
-1.37983959349909,TRG_057_TRG_083
-1.64067799520792,TRG_057_TRG_088
0.90098192099342,TRG_057_TRG_090
-0.282977038467617,TRG_057_TRG_095
0.624589501454417,TRG_057_TRG_101
-2.38775732838417,TRG_059_TRG_063
-2.35203980855751,TRG_059_TRG_064
-4.15972932289738,TRG_059_TRG_065
-2.63796588641961,TRG_059_TRG_066
-2.20157067116297,TRG_059_TRG_072
-2.5644062778792,TRG_059_TRG_073
-2.30564265041492,TRG_059_TRG_075
-2.44232977586845,TRG_059_TRG_077
-3.35840477153005,TRG_059_TRG_083
-3.56123390147016,TRG_059_TRG_088
-2.70137280245062,TRG_059_TRG_090
-2.61864917312519,TRG_059_TRG_095
-2.42543180280401,TRG_059_TRG_101
0.850814897878514,TRG_063_TRG_064
-2.47679007058295,TRG_063_TRG_065
0.620991949422052,TRG_063_TRG_066
0.557817344190261,TRG_063_TRG_072
0.91625016374877,TRG_063_TRG_073
0.836343987276626,TRG_063_TRG_075
1.30665085799993,TRG_063_TRG_077
-0.579275476674672,TRG_063_TRG_083
-0.0698346637052004,TRG_063_TRG_088
0.883031291290086,TRG_063_TRG_090
0.598876992474359,TRG_063_TRG_095
0.278794752010204,TRG_063_TRG_101
-1.70926774790947,TRG_064_TRG_065
-0.0603574288841379,TRG_064_TRG_066
0.306737274056767,TRG_064_TRG_072
1.01332618279132,TRG_064_TRG_073
1.04967517616931,TRG_064_TRG_075
0.607616416710754,TRG_064_TRG_077
-0.903213281068725,TRG_064_TRG_083
0.222750605743149,TRG_064_TRG_088
1.20850654261038,TRG_064_TRG_090
1.15388586806263,TRG_064_TRG_095
0.922348044613452,TRG_064_TRG_101
-2.81956238863523,TRG_065_TRG_066
-1.87559139929685,TRG_065_TRG_072
-1.92859226781987,TRG_065_TRG_073
-1.88548326269798,TRG_065_TRG_075
-2.41620599610553,TRG_065_TRG_077
-2.04036741743131,TRG_065_TRG_083
-2.17925002630428,TRG_065_TRG_088
-1.19403936113467,TRG_065_TRG_090
-2.25916027119356,TRG_065_TRG_095
-1.48748610067774,TRG_065_TRG_101
-0.570761205937444,TRG_066_TRG_072
-0.0234084615551652,TRG_066_TRG_073
0.253893021123892,TRG_066_TRG_075
0.806197551768285,TRG_066_TRG_077
-0.694778971156419,TRG_066_TRG_083
-0.348063445487482,TRG_066_TRG_088
0.0095297122770652,TRG_066_TRG_090
-0.42760672691413,TRG_066_TRG_095
1.01950432419084,TRG_066_TRG_101
0.748181623240751,TRG_072_TRG_073
1.10319649720817,TRG_072_TRG_075
0.540603972320648,TRG_072_TRG_077
-0.903294386210941,TRG_072_TRG_083
-1.37032787775339,TRG_072_TRG_088
0.611022288017545,TRG_072_TRG_090
0.16592201588416,TRG_072_TRG_095
0.259695064016297,TRG_072_TRG_101
1.09017945971219,TRG_073_TRG_075
0.544573450077922,TRG_073_TRG_077
-0.911992469660932,TRG_073_TRG_083
-0.273755094906489,TRG_073_TRG_088
0.261588138625394,TRG_073_TRG_090
0.478351552473498,TRG_073_TRG_095
0.344118365997812,TRG_073_TRG_101
1.82988813591159,TRG_075_TRG_077
-1.25718104722959,TRG_075_TRG_083
-0.347888086047822,TRG_075_TRG_088
1.63579719512254,TRG_075_TRG_090
1.14661005825492,TRG_075_TRG_095
1.01375685815448,TRG_075_TRG_101
-0.936267666582028,TRG_077_TRG_083
-0.424770241125201,TRG_077_TRG_088
1.26719821578878,TRG_077_TRG_090
1.45051757149617,TRG_077_TRG_095
0.921683081341274,TRG_077_TRG_101
-0.397823500279685,TRG_083_TRG_088
-0.669969669592439,TRG_083_TRG_090
-1.20279183866709,TRG_083_TRG_095
-0.45834831434499,TRG_083_TRG_101
-0.418020787900038,TRG_088_TRG_090
0.300566667092046,TRG_088_TRG_095
-0.121870319076896,TRG_088_TRG_101
1.24411476615658,TRG_090_TRG_095
1.19470677866968,TRG_090_TRG_101
1.3916777213679,TRG_095_TRG_101
