1.24901848878166,TRG_001_TRG_002
0.109843061934627,TRG_001_TRG_008
1.3005297871285,TRG_001_TRG_009
1.02488776134591,TRG_001_TRG_012
0.177675056328021,TRG_001_TRG_015
0.386309992356397,TRG_001_TRG_028
-1.47929336465505,TRG_001_TRG_029
0.319052958663627,TRG_001_TRG_030
1.02276386735828,TRG_001_TRG_031
1.09804824483528,TRG_001_TRG_044
1.53502053603761,TRG_001_TRG_048
-0.186956108102432,TRG_001_TRG_049
1.46478249736201,TRG_001_TRG_050
1.48237571614697,TRG_001_TRG_052
1.4591075759022,TRG_001_TRG_056
1.03386087212164,TRG_001_TRG_061
-2.22084823731414,TRG_001_TRG_062
0.18342773632176,TRG_001_TRG_071
0.558790342144279,TRG_001_TRG_076
-1.77712777544744,TRG_001_TRG_079
-0.119939280157794,TRG_001_TRG_080
1.55326399004412,TRG_001_TRG_081
0.538397269130662,TRG_001_TRG_082
0.863439907198378,TRG_001_TRG_084
1.75132040324151,TRG_001_TRG_091
0.354942177054076,TRG_001_TRG_096
0.521723872987606,TRG_001_TRG_100
-0.18451630922594,TRG_001_TRG_102
-0.17900561459917,TRG_002_TRG_008
1.16653697515224,TRG_002_TRG_009
1.39250020285227,TRG_002_TRG_012
0.625922286869898,TRG_002_TRG_015
0.253182344896438,TRG_002_TRG_028
-0.899843357403239,TRG_002_TRG_029
0.335723331019922,TRG_002_TRG_030
0.956207683687155,TRG_002_TRG_031
0.620904308242475,TRG_002_TRG_044
1.27294022663946,TRG_002_TRG_048
0.320734705210065,TRG_002_TRG_049
1.46752214312292,TRG_002_TRG_050
0.289877650263635,TRG_002_TRG_052
1.01456028836671,TRG_002_TRG_056
1.70871134004815,TRG_002_TRG_061
-2.06486961140315,TRG_002_TRG_062
-0.167533486937383,TRG_002_TRG_071
0.522821880790526,TRG_002_TRG_076
-1.82897377127188,TRG_002_TRG_079
0.452919239518173,TRG_002_TRG_080
1.88111959031106,TRG_002_TRG_081
0.787271347888837,TRG_002_TRG_082
0.897127445291125,TRG_002_TRG_084
1.12390654064314,TRG_002_TRG_091
-0.435741655535615,TRG_002_TRG_096
1.21423285483442,TRG_002_TRG_100
-0.307416251672767,TRG_002_TRG_102
-0.567424097942566,TRG_008_TRG_009
0.854003623565907,TRG_008_TRG_012
-0.23229672842658,TRG_008_TRG_015
0.227535763389908,TRG_008_TRG_028
-0.963877202773353,TRG_008_TRG_029
-0.452603157570225,TRG_008_TRG_030
0.305452526384427,TRG_008_TRG_031
0.292016073977544,TRG_008_TRG_044
0.513725903813293,TRG_008_TRG_048
-1.48981200366886,TRG_008_TRG_049
0.085077589162185,TRG_008_TRG_050
0.325537370597647,TRG_008_TRG_052
-0.414481584724683,TRG_008_TRG_056
-0.434148677455109,TRG_008_TRG_061
-2.68183445188235,TRG_008_TRG_062
0.177490034121189,TRG_008_TRG_071
0.45440648586581,TRG_008_TRG_076
-2.58571883177551,TRG_008_TRG_079
-0.930851474479425,TRG_008_TRG_080
-0.92607062986454,TRG_008_TRG_081
0.901834124174963,TRG_008_TRG_082
-0.927065129508812,TRG_008_TRG_084
0.0575904062226303,TRG_008_TRG_091
-0.715381393519102,TRG_008_TRG_096
-0.00235743491704349,TRG_008_TRG_100
-1.38173503818973,TRG_008_TRG_102
0.67413126613069,TRG_009_TRG_012
0.532241107805207,TRG_009_TRG_015
0.18544175944768,TRG_009_TRG_028
-0.608108463089097,TRG_009_TRG_029
0.935541437448262,TRG_009_TRG_030
1.10295508081055,TRG_009_TRG_031
0.672347657579915,TRG_009_TRG_044
0.99586532941555,TRG_009_TRG_048
0.186164260289964,TRG_009_TRG_049
1.02621060365736,TRG_009_TRG_050
0.531499999809698,TRG_009_TRG_052
1.07724326106659,TRG_009_TRG_056
1.2419637844414,TRG_009_TRG_061
-2.2470343767778,TRG_009_TRG_062
-0.0699222536088339,TRG_009_TRG_071
0.400532830899086,TRG_009_TRG_076
-1.3308139247221,TRG_009_TRG_079
0.594535190069143,TRG_009_TRG_080
0.740009063232707,TRG_009_TRG_081
1.62425881289382,TRG_009_TRG_082
0.433734948232635,TRG_009_TRG_084
0.233825774250109,TRG_009_TRG_091
-0.371299748466577,TRG_009_TRG_096
0.687146425851665,TRG_009_TRG_100
-0.0153758997773873,TRG_009_TRG_102
-0.130659024076124,TRG_012_TRG_015
0.192789770372153,TRG_012_TRG_028
-0.988622111947317,TRG_012_TRG_029
-0.00692414084991458,TRG_012_TRG_030
1.32157814490382,TRG_012_TRG_031
0.580402855752545,TRG_012_TRG_044
1.17961409015107,TRG_012_TRG_048
-0.843002118405884,TRG_012_TRG_049
1.66797946380284,TRG_012_TRG_050
0.92130018923545,TRG_012_TRG_052
0.85433206017415,TRG_012_TRG_056
0.716648157717554,TRG_012_TRG_061
-2.27337859854817,TRG_012_TRG_062
0.436512436524289,TRG_012_TRG_071
-0.371882515006136,TRG_012_TRG_076
-1.35055442661089,TRG_012_TRG_079
-0.318921510336873,TRG_012_TRG_080
0.652845358593661,TRG_012_TRG_081
0.797921205951716,TRG_012_TRG_082
0.534189639144969,TRG_012_TRG_084
0.2356818149123,TRG_012_TRG_091
-0.443333306185426,TRG_012_TRG_096
0.520784852748625,TRG_012_TRG_100
-0.771248321758871,TRG_012_TRG_102
0.360701810745827,TRG_015_TRG_028
-0.742051692134276,TRG_015_TRG_029
-0.244594218170091,TRG_015_TRG_030
0.0495769285839206,TRG_015_TRG_031
-0.0157506391035052,TRG_015_TRG_044
0.481477311176114,TRG_015_TRG_048
-0.585731136250897,TRG_015_TRG_049
1.24512927365658,TRG_015_TRG_050
0.533254800047907,TRG_015_TRG_052
0.212922854380252,TRG_015_TRG_056
-0.182869153644374,TRG_015_TRG_061
-2.55791006767226,TRG_015_TRG_062
0.852378724693076,TRG_015_TRG_071
0.0100425522376202,TRG_015_TRG_076
-1.55260758187532,TRG_015_TRG_079
-0.90981424605358,TRG_015_TRG_080
-0.119208826453773,TRG_015_TRG_081
0.130218159756935,TRG_015_TRG_082
0.210511520204877,TRG_015_TRG_084
0.0268320958506096,TRG_015_TRG_091
-0.158361666032374,TRG_015_TRG_096
1.59368496156806,TRG_015_TRG_100
0.274305712320439,TRG_015_TRG_102
-1.30170622280135,TRG_028_TRG_029
0.796412253606882,TRG_028_TRG_030
0.449023450340056,TRG_028_TRG_031
0.424006268169673,TRG_028_TRG_044
1.5640672902991,TRG_028_TRG_048
0.349185605692616,TRG_028_TRG_049
0.274378122049031,TRG_028_TRG_050
0.869902382456998,TRG_028_TRG_052
0.335712104957614,TRG_028_TRG_056
0.0792715332739228,TRG_028_TRG_061
-1.51644215214687,TRG_028_TRG_062
0.743134679931101,TRG_028_TRG_071
0.365204697398995,TRG_028_TRG_076
-2.0320322313691,TRG_028_TRG_079
0.0884448181256666,TRG_028_TRG_080
-0.285046245721282,TRG_028_TRG_081
0.798252999862281,TRG_028_TRG_082
0.253660656214437,TRG_028_TRG_084
0.473884033566063,TRG_028_TRG_091
0.409459312549808,TRG_028_TRG_096
0.362578683636847,TRG_028_TRG_100
-0.54573136499821,TRG_028_TRG_102
-1.2616602089524,TRG_029_TRG_030
-0.873102048320966,TRG_029_TRG_031
-1.3500242328404,TRG_029_TRG_044
-1.12497670884113,TRG_029_TRG_048
-1.08719751919228,TRG_029_TRG_049
-0.655474641409283,TRG_029_TRG_050
-1.02859448155472,TRG_029_TRG_052
-0.59040746650578,TRG_029_TRG_056
-0.680801775849118,TRG_029_TRG_061
-2.46904020047773,TRG_029_TRG_062
-1.3264958855886,TRG_029_TRG_071
-0.249185241325301,TRG_029_TRG_076
-0.613568521916651,TRG_029_TRG_079
-1.67365952856689,TRG_029_TRG_080
-0.697575054254124,TRG_029_TRG_081
-1.17903368353888,TRG_029_TRG_082
-1.13163773189891,TRG_029_TRG_084
-1.00956252354289,TRG_029_TRG_091
-1.36879256626453,TRG_029_TRG_096
-0.730723622571722,TRG_029_TRG_100
-2.06159214697518,TRG_029_TRG_102
0.431372758513263,TRG_030_TRG_031
0.711785026608071,TRG_030_TRG_044
1.00302783240819,TRG_030_TRG_048
1.5890291212054,TRG_030_TRG_049
0.459728647440157,TRG_030_TRG_050
0.247506607916087,TRG_030_TRG_052
1.66880312852415,TRG_030_TRG_056
1.92867619065587,TRG_030_TRG_061
-1.20991960402024,TRG_030_TRG_062
0.686635057752368,TRG_030_TRG_071
-0.411913290042023,TRG_030_TRG_076
-1.56983127038748,TRG_030_TRG_079
1.88029148530314,TRG_030_TRG_080
0.351192606612295,TRG_030_TRG_081
1.06447646863871,TRG_030_TRG_082
0.412380010045348,TRG_030_TRG_084
0.0917325440922101,TRG_030_TRG_091
1.11309021755342,TRG_030_TRG_096
0.223895807753232,TRG_030_TRG_100
-0.536022333881964,TRG_030_TRG_102
0.741676957273049,TRG_031_TRG_044
1.64225970660327,TRG_031_TRG_048
0.056438010687382,TRG_031_TRG_049
1.50339847996983,TRG_031_TRG_050
0.901617956491511,TRG_031_TRG_052
1.12741819258785,TRG_031_TRG_056
1.01394660634852,TRG_031_TRG_061
-1.65058960091696,TRG_031_TRG_062
-0.20646960188548,TRG_031_TRG_071
0.413592192632239,TRG_031_TRG_076
-1.09078648873348,TRG_031_TRG_079
0.0272535944322875,TRG_031_TRG_080
0.502917273026489,TRG_031_TRG_081
0.812535317307014,TRG_031_TRG_082
1.07884190365901,TRG_031_TRG_084
0.0144010776693996,TRG_031_TRG_091
0.330314604728485,TRG_031_TRG_096
0.716048082226236,TRG_031_TRG_100
-0.410721366155161,TRG_031_TRG_102
1.86553601492833,TRG_044_TRG_048
0.279812608550069,TRG_044_TRG_049
0.84637768974832,TRG_044_TRG_050
1.75825743064535,TRG_044_TRG_052
0.639655963163307,TRG_044_TRG_056
1.27152007661902,TRG_044_TRG_061
-2.13113205044432,TRG_044_TRG_062
0.599743017650388,TRG_044_TRG_071
0.779908027425428,TRG_044_TRG_076
-1.97625085154319,TRG_044_TRG_079
0.805793849063755,TRG_044_TRG_080
0.946508959797528,TRG_044_TRG_081
1.48161730938503,TRG_044_TRG_082
-0.427741036096297,TRG_044_TRG_084
0.57556034678777,TRG_044_TRG_091
1.22441831122145,TRG_044_TRG_096
1.06049886235943,TRG_044_TRG_100
-0.0929190902317837,TRG_044_TRG_102
0.281603883836577,TRG_048_TRG_049
0.984983129046072,TRG_048_TRG_050
1.70961522444001,TRG_048_TRG_052
0.901417196119403,TRG_048_TRG_056
1.40472666468359,TRG_048_TRG_061
-1.65301814718109,TRG_048_TRG_062
0.604154015210621,TRG_048_TRG_071
0.545812734716423,TRG_048_TRG_076
-2.00900537998381,TRG_048_TRG_079
0.390254401604605,TRG_048_TRG_080
0.699466549879227,TRG_048_TRG_081
1.27691311838848,TRG_048_TRG_082
0.626666636149889,TRG_048_TRG_084
1.29130553598172,TRG_048_TRG_091
1.05514661879819,TRG_048_TRG_096
1.3265111579077,TRG_048_TRG_100
-8.99342186540813e-05,TRG_048_TRG_102
0.0299683550624709,TRG_049_TRG_050
-0.166025822164513,TRG_049_TRG_052
1.2908161742339,TRG_049_TRG_056
1.38402668505688,TRG_049_TRG_061
-1.45555972885048,TRG_049_TRG_062
0.384452233731668,TRG_049_TRG_071
-0.504208695089155,TRG_049_TRG_076
-1.04400887828249,TRG_049_TRG_079
1.62072769817296,TRG_049_TRG_080
0.168214681859971,TRG_049_TRG_081
0.268871476796063,TRG_049_TRG_082
-0.704093521480357,TRG_049_TRG_084
-0.590347367232782,TRG_049_TRG_091
1.25475252942539,TRG_049_TRG_096
0.0589539381890547,TRG_049_TRG_100
-1.26815916288467,TRG_049_TRG_102
1.45095534857528,TRG_050_TRG_052
1.439303585162,TRG_050_TRG_056
0.64428579968937,TRG_050_TRG_061
-1.88581207012673,TRG_050_TRG_062
0.0913336843400164,TRG_050_TRG_071
0.311333343394204,TRG_050_TRG_076
-0.736577133612224,TRG_050_TRG_079
-0.0133822416018804,TRG_050_TRG_080
1.43150522637559,TRG_050_TRG_081
0.802998671447768,TRG_050_TRG_082
0.537052743230204,TRG_050_TRG_084
0.472713416151179,TRG_050_TRG_091
0.0929574043166689,TRG_050_TRG_096
1.43302834793854,TRG_050_TRG_100
0.281405838457642,TRG_050_TRG_102
1.02092808512421,TRG_052_TRG_056
0.701975219927532,TRG_052_TRG_061
-1.91005835091814,TRG_052_TRG_062
-0.00761185079963711,TRG_052_TRG_071
0.728255981802605,TRG_052_TRG_076
-1.26984594745465,TRG_052_TRG_079
0.214993867739534,TRG_052_TRG_080
0.918924560929103,TRG_052_TRG_081
1.09026020617595,TRG_052_TRG_082
0.186829748638026,TRG_052_TRG_084
0.604626967968926,TRG_052_TRG_091
0.624997414726341,TRG_052_TRG_096
1.02889001279457,TRG_052_TRG_100
-0.269859580301127,TRG_052_TRG_102
1.49003777934336,TRG_056_TRG_061
-2.17542495881311,TRG_056_TRG_062
0.40260655744245,TRG_056_TRG_071
1.03113399493193,TRG_056_TRG_076
-0.616948546581474,TRG_056_TRG_079
1.16745500463049,TRG_056_TRG_080
0.902147090590868,TRG_056_TRG_081
1.30801728668245,TRG_056_TRG_082
1.05365767755088,TRG_056_TRG_084
-0.163353042679972,TRG_056_TRG_091
0.896242213871478,TRG_056_TRG_096
0.641139865046876,TRG_056_TRG_100
-0.494549318721002,TRG_056_TRG_102
-1.00370037058445,TRG_061_TRG_062
0.297570665885224,TRG_061_TRG_071
1.00110743232917,TRG_061_TRG_076
-1.35901795058993,TRG_061_TRG_079
1.66216742239343,TRG_061_TRG_080
1.71917976544712,TRG_061_TRG_081
1.12659406263409,TRG_061_TRG_082
0.665356197479248,TRG_061_TRG_084
1.18489640930929,TRG_061_TRG_091
1.01351088127262,TRG_061_TRG_096
0.918216392654595,TRG_061_TRG_100
-0.44901707233748,TRG_061_TRG_102
-2.99948469604352,TRG_062_TRG_071
-1.77517849124976,TRG_062_TRG_076
-1.93133295277048,TRG_062_TRG_079
-1.90771667784901,TRG_062_TRG_080
-1.39547698445781,TRG_062_TRG_081
-2.49290995365098,TRG_062_TRG_082
-0.845817042509749,TRG_062_TRG_084
-1.89416857234306,TRG_062_TRG_091
-1.40047919074077,TRG_062_TRG_096
-1.23179243757502,TRG_062_TRG_100
-2.18866774432506,TRG_062_TRG_102
0.403307916033103,TRG_071_TRG_076
-2.35650481611442,TRG_071_TRG_079
0.663485232186902,TRG_071_TRG_080
0.156109256707963,TRG_071_TRG_081
1.03294490955022,TRG_071_TRG_082
-0.799633345040947,TRG_071_TRG_084
0.0794916199931907,TRG_071_TRG_091
0.955237260208147,TRG_071_TRG_096
1.10463698585495,TRG_071_TRG_100
-0.60640439967495,TRG_071_TRG_102
-1.25075815839751,TRG_076_TRG_079
-0.364945316590127,TRG_076_TRG_080
0.66921117110003,TRG_076_TRG_081
0.392991963110892,TRG_076_TRG_082
0.209976384694773,TRG_076_TRG_084
0.695756124642973,TRG_076_TRG_091
-0.0619162647304536,TRG_076_TRG_096
0.515305743857557,TRG_076_TRG_100
-0.647712373763665,TRG_076_TRG_102
-1.80609951456117,TRG_079_TRG_080
-1.21783543218759,TRG_079_TRG_081
-1.97478911616779,TRG_079_TRG_082
-0.383044281210486,TRG_079_TRG_084
-2.28863326273366,TRG_079_TRG_091
-1.45674973132919,TRG_079_TRG_096
-1.41397554777962,TRG_079_TRG_100
-0.963737204397002,TRG_079_TRG_102
0.476086952584405,TRG_080_TRG_081
0.727292884762349,TRG_080_TRG_082
-0.573196939623483,TRG_080_TRG_084
-0.511321940227094,TRG_080_TRG_091
0.975311874589996,TRG_080_TRG_096
0.383765084164317,TRG_080_TRG_100
-1.08147997657184,TRG_080_TRG_102
0.703023597637652,TRG_081_TRG_082
1.17735242509314,TRG_081_TRG_084
1.31643816343758,TRG_081_TRG_091
0.0819082305453611,TRG_081_TRG_096
0.572462179774742,TRG_081_TRG_100
0.67521960376508,TRG_081_TRG_102
0.201644917213498,TRG_082_TRG_084
0.253163054568359,TRG_082_TRG_091
0.319129407308714,TRG_082_TRG_096
0.563416131650846,TRG_082_TRG_100
-0.175563088060223,TRG_082_TRG_102
0.604471358058917,TRG_084_TRG_091
-0.072888015081768,TRG_084_TRG_096
-0.0461277032608581,TRG_084_TRG_100
-0.144590391305324,TRG_084_TRG_102
0.0371272453878818,TRG_091_TRG_096
0.465950442913605,TRG_091_TRG_100
-1.14343804215045,TRG_091_TRG_102
0.690215739309142,TRG_096_TRG_100
-0.86882743763094,TRG_096_TRG_102
-0.84196064113,TRG_100_TRG_102
